support_label,cluster_label,support_rank_in_cluster,original_rank_in_cluster,distance_to_centroid,image_name,image_path
0,0,1,1,0.8107342720031738,cell_1761645986133_912349010008_30605_0100.png,/home/wangqianqian/project/FS/data/28gusui&pizang/03/06/cell_1761645986133_912349010008_30605_0100.png
0,0,2,2,0.8200013637542725,cell_1761649082407_912349010008_103213_0100.png,/home/wangqianqian/project/FS/data/28gusui&pizang/03/58/cell_1761649082407_912349010008_103213_0100.png
0,0,3,3,0.8335821628570557,cell_1761648545333_912349010008_51070_0100.png,/home/wangqianqian/project/FS/data/28gusui&pizang/03/49/cell_1761648545333_912349010008_51070_0100.png
0,0,4,4,0.8448278903961182,cell_1761648624896_912349010008_58776_0100.png,/home/wangqianqian/project/FS/data/28gusui&pizang/03/50/cell_1761648624896_912349010008_58776_0100.png
0,0,5,5,0.8580148220062256,cell_1761648543842_912349010008_50937_0100.png,/home/wangqianqian/project/FS/data/28gusui&pizang/03/49/cell_1761648543842_912349010008_50937_0100.png
0,0,6,6,0.8929052352905273,cell_1761646459227_912349010008_68983_0000.png,/home/wangqianqian/project/FS/data/28gusui&pizang/03/14/cell_1761646459227_912349010008_68983_0000.png
0,0,7,7,0.8989465832710266,cell_1761646072222_912349010008_37838_0100.png,/home/wangqianqian/project/FS/data/28gusui&pizang/03/07/cell_1761646072222_912349010008_37838_0100.png
0,0,8,8,0.9109423160552979,cell_1761646010383_912349010008_32608_0100.png,/home/wangqianqian/project/FS/data/28gusui&pizang/03/06/cell_1761646010383_912349010008_32608_0100.png
0,0,9,9,0.911273181438446,cell_1761648372923_912349010008_35887_0000.png,/home/wangqianqian/project/FS/data/28gusui&pizang/03/46/cell_1761648372923_912349010008_35887_0000.png
0,0,10,10,0.9112832546234131,cell_1761648389977_912349010008_37359_0000.png,/home/wangqianqian/project/FS/data/28gusui&pizang/03/46/cell_1761648389977_912349010008_37359_0000.png
0,0,11,11,0.9117927551269531,cell_1761648343930_912349010008_33280_0000.png,/home/wangqianqian/project/FS/data/28gusui&pizang/03/45/cell_1761648343930_912349010008_33280_0000.png
0,0,12,12,0.9123067259788513,cell_1761648764463_912349010008_72872_0000.png,/home/wangqianqian/project/FS/data/28gusui&pizang/03/52/cell_1761648764463_912349010008_72872_0000.png
0,0,13,13,0.9144840240478516,cell_1761648025889_912349010008_9540_0000.png,/home/wangqianqian/project/FS/data/28gusui&pizang/03/40/cell_1761648025889_912349010008_9540_0000.png
0,0,14,14,0.9187799096107483,cell_1761648679253_912349010008_64272_0000.png,/home/wangqianqian/project/FS/data/28gusui&pizang/03/51/cell_1761648679253_912349010008_64272_0000.png
0,0,15,15,0.9233115315437317,cell_1761646177993_912349010008_45602_0100.png,/home/wangqianqian/project/FS/data/28gusui&pizang/03/09/cell_1761646177993_912349010008_45602_0100.png
0,0,16,16,0.9368647933006287,cell_1761648430005_912349010008_40997_0000.png,/home/wangqianqian/project/FS/data/28gusui&pizang/03/47/cell_1761648430005_912349010008_40997_0000.png
0,0,17,17,0.9445602893829346,cell_1761647929547_912349010008_5343_0000.png,/home/wangqianqian/project/FS/data/28gusui&pizang/03/38/cell_1761647929547_912349010008_5343_0000.png
0,0,18,18,0.9455389976501465,cell_1761646268187_912349010008_52850_0100.png,/home/wangqianqian/project/FS/data/28gusui&pizang/03/11/cell_1761646268187_912349010008_52850_0100.png
0,0,19,19,0.9458926320075989,cell_1761646856636_912349010008_102430_0100.png,/home/wangqianqian/project/FS/data/28gusui&pizang/03/20/cell_1761646856636_912349010008_102430_0100.png
0,0,20,20,0.9567211270332336,cell_1761645768135_912349010008_13220_0100.png,/home/wangqianqian/project/FS/data/28gusui&pizang/03/02/cell_1761645768135_912349010008_13220_0100.png
1,1,1,1,0.7259706854820251,cell_1761645767701_912349010008_13189_0000.png,/home/wangqianqian/project/FS/data/28gusui&pizang/03/02/cell_1761645767701_912349010008_13189_0000.png
1,1,2,2,0.7864335179328918,cell_1761648944903_912349010008_90065_0000.png,/home/wangqianqian/project/FS/data/28gusui&pizang/03/55/cell_1761648944903_912349010008_90065_0000.png
1,1,3,3,0.7895541787147522,cell_1761646699687_912349010008_89423_0000.png,/home/wangqianqian/project/FS/data/28gusui&pizang/03/18/cell_1761646699687_912349010008_89423_0000.png
1,1,4,4,0.7937317490577698,cell_1761648700703_912349010008_66516_0100.png,/home/wangqianqian/project/FS/data/28gusui&pizang/03/51/cell_1761648700703_912349010008_66516_0100.png
1,1,5,5,0.7988163232803345,cell_1761646042330_912349010008_35398_0000.png,/home/wangqianqian/project/FS/data/28gusui&pizang/03/07/cell_1761646042330_912349010008_35398_0000.png
1,1,6,6,0.8134307861328125,cell_1761648761159_912349010008_72554_0000.png,/home/wangqianqian/project/FS/data/28gusui&pizang/03/52/cell_1761648761159_912349010008_72554_0000.png
1,1,7,7,0.8184235692024231,cell_1761646510888_912349010008_73712_0000.png,/home/wangqianqian/project/FS/data/28gusui&pizang/03/15/cell_1761646510888_912349010008_73712_0000.png
1,1,8,8,0.8268458247184753,cell_1761648545821_912349010008_51108_0000.png,/home/wangqianqian/project/FS/data/28gusui&pizang/03/49/cell_1761648545821_912349010008_51108_0000.png
1,1,9,9,0.8334203362464905,cell_1761648330942_912349010008_32092_0000.png,/home/wangqianqian/project/FS/data/28gusui&pizang/03/45/cell_1761648330942_912349010008_32092_0000.png
1,1,10,10,0.8359679579734802,cell_1761648344737_912349010008_33338_0100.png,/home/wangqianqian/project/FS/data/28gusui&pizang/03/45/cell_1761648344737_912349010008_33338_0100.png
1,1,11,11,0.8401600122451782,cell_1761645824374_912349010008_17612_0000.png,/home/wangqianqian/project/FS/data/28gusui&pizang/03/03/cell_1761645824374_912349010008_17612_0000.png
1,1,12,12,0.85726398229599,cell_1761649069659_912349010008_101894_0100.png,/home/wangqianqian/project/FS/data/28gusui&pizang/03/57/cell_1761649069659_912349010008_101894_0100.png
1,1,13,13,0.8642683625221252,cell_1761646705096_912349010008_89818_0000.png,/home/wangqianqian/project/FS/data/28gusui&pizang/03/18/cell_1761646705096_912349010008_89818_0000.png
1,1,14,14,0.8655321002006531,cell_1761648785405_912349010008_74848_0000.png,/home/wangqianqian/project/FS/data/28gusui&pizang/03/53/cell_1761648785405_912349010008_74848_0000.png
1,1,15,15,0.8687751889228821,cell_1761646016202_912349010008_33152_0100.png,/home/wangqianqian/project/FS/data/28gusui&pizang/03/06/cell_1761646016202_912349010008_33152_0100.png
1,1,16,16,0.8808390498161316,cell_1761648513295_912349010008_48308_0000.png,/home/wangqianqian/project/FS/data/28gusui&pizang/03/48/cell_1761648513295_912349010008_48308_0000.png
1,1,17,17,0.8826085329055786,cell_1761648607222_912349010008_57057_0000.png,/home/wangqianqian/project/FS/data/28gusui&pizang/03/50/cell_1761648607222_912349010008_57057_0000.png
1,1,18,18,0.8957347273826599,cell_1761648915426_912349010008_87513_0000.png,/home/wangqianqian/project/FS/data/28gusui&pizang/03/55/cell_1761648915426_912349010008_87513_0000.png
1,1,19,19,0.8963376879692078,cell_1761648019598_912349010008_9206_0100.png,/home/wangqianqian/project/FS/data/28gusui&pizang/03/40/cell_1761648019598_912349010008_9206_0100.png
1,1,20,20,0.8993114829063416,cell_1761645971605_912349010008_29340_0000.png,/home/wangqianqian/project/FS/data/28gusui&pizang/03/06/cell_1761645971605_912349010008_29340_0000.png
2,2,1,1,1.1312968730926514,cell_1761646097566_912349010008_39733_0000.png,/home/wangqianqian/project/FS/data/28gusui&pizang/03/08/cell_1761646097566_912349010008_39733_0000.png
2,2,2,2,1.1739243268966675,cell_1761646232916_912349010008_50018_0000.png,/home/wangqianqian/project/FS/data/28gusui&pizang/03/10/cell_1761646232916_912349010008_50018_0000.png
2,2,3,3,1.1894294023513794,cell_1761649070085_912349010008_101942_0100.png,/home/wangqianqian/project/FS/data/28gusui&pizang/03/57/cell_1761649070085_912349010008_101942_0100.png
2,2,4,4,1.2026498317718506,cell_1761648973474_912349010008_92555_0100.png,/home/wangqianqian/project/FS/data/28gusui&pizang/03/56/cell_1761648973474_912349010008_92555_0100.png
2,2,5,5,1.2212393283843994,cell_1761648423566_912349010008_40420_0100.png,/home/wangqianqian/project/FS/data/28gusui&pizang/03/47/cell_1761648423566_912349010008_40420_0100.png
2,2,6,6,1.2310770750045776,cell_1761645945004_912349010008_27225_0100.png,/home/wangqianqian/project/FS/data/28gusui&pizang/03/05/cell_1761645945004_912349010008_27225_0100.png
2,2,7,7,1.2451592683792114,cell_1761649001127_912349010008_95106_0000.png,/home/wangqianqian/project/FS/data/28gusui&pizang/03/56/cell_1761649001127_912349010008_95106_0000.png
2,2,8,8,1.273676872253418,cell_1761648483025_912349010008_45801_0100.png,/home/wangqianqian/project/FS/data/28gusui&pizang/03/48/cell_1761648483025_912349010008_45801_0100.png
2,2,9,9,1.2755215167999268,cell_1761648900108_912349010008_86295_0100.png,/home/wangqianqian/project/FS/data/28gusui&pizang/03/55/cell_1761648900108_912349010008_86295_0100.png
2,2,10,10,1.293667197227478,cell_1761646114513_912349010008_41039_0100.png,/home/wangqianqian/project/FS/data/28gusui&pizang/03/08/cell_1761646114513_912349010008_41039_0100.png
2,2,11,11,1.326970100402832,cell_1761648669286_912349010008_63294_0000.png,/home/wangqianqian/project/FS/data/28gusui&pizang/03/51/cell_1761648669286_912349010008_63294_0000.png
2,2,12,12,1.3360377550125122,cell_1761648350357_912349010008_33880_0000.png,/home/wangqianqian/project/FS/data/28gusui&pizang/03/45/cell_1761648350357_912349010008_33880_0000.png
2,2,13,13,1.3361527919769287,cell_1761646528506_912349010008_75162_0000.png,/home/wangqianqian/project/FS/data/28gusui&pizang/03/15/cell_1761646528506_912349010008_75162_0000.png
2,2,14,14,1.3415570259094238,cell_1761646433899_912349010008_66666_0100.png,/home/wangqianqian/project/FS/data/28gusui&pizang/03/13/cell_1761646433899_912349010008_66666_0100.png
2,2,15,15,1.3435593843460083,cell_1761648595081_912349010008_55854_0000.png,/home/wangqianqian/project/FS/data/28gusui&pizang/03/49/cell_1761648595081_912349010008_55854_0000.png
2,2,16,16,1.345555067062378,cell_1761648879478_912349010008_84418_0000.png,/home/wangqianqian/project/FS/data/28gusui&pizang/03/54/cell_1761648879478_912349010008_84418_0000.png
2,2,17,17,1.3475537300109863,cell_1761648363403_912349010008_35035_0000.png,/home/wangqianqian/project/FS/data/28gusui&pizang/03/46/cell_1761648363403_912349010008_35035_0000.png
2,2,18,18,1.347989559173584,cell_1761648315185_912349010008_30747_0100.png,/home/wangqianqian/project/FS/data/28gusui&pizang/03/45/cell_1761648315185_912349010008_30747_0100.png
2,2,19,19,1.3581397533416748,cell_1761646488848_912349010008_71729_0000.png,/home/wangqianqian/project/FS/data/28gusui&pizang/03/14/cell_1761646488848_912349010008_71729_0000.png
2,2,20,20,1.3600670099258423,cell_1761646450651_912349010008_68235_0000.png,/home/wangqianqian/project/FS/data/28gusui&pizang/03/14/cell_1761646450651_912349010008_68235_0000.png
3,3,1,1,1.287703275680542,cell_1761648332760_912349010008_32266_0100.png,/home/wangqianqian/project/FS/data/28gusui&pizang/03/45/cell_1761648332760_912349010008_32266_0100.png
3,3,2,2,1.3200098276138306,cell_1761649053582_912349010008_100223_0100.png,/home/wangqianqian/project/FS/data/28gusui&pizang/03/57/cell_1761649053582_912349010008_100223_0100.png
3,3,3,3,1.3435826301574707,cell_1761648715343_912349010008_68082_0000.png,/home/wangqianqian/project/FS/data/28gusui&pizang/03/51/cell_1761648715343_912349010008_68082_0000.png
3,3,4,4,1.3641794919967651,cell_1761646509057_912349010008_73558_0000.png,/home/wangqianqian/project/FS/data/28gusui&pizang/03/15/cell_1761646509057_912349010008_73558_0000.png
3,3,5,5,1.371196985244751,cell_1761648116387_912349010008_14801_0100.png,/home/wangqianqian/project/FS/data/28gusui&pizang/03/41/cell_1761648116387_912349010008_14801_0100.png
3,3,6,6,1.4072303771972656,cell_1761648720265_912349010008_68554_0100.png,/home/wangqianqian/project/FS/data/28gusui&pizang/03/52/cell_1761648720265_912349010008_68554_0100.png
3,3,7,7,1.4308704137802124,cell_1761646809036_912349010008_98367_0000.png,/home/wangqianqian/project/FS/data/28gusui&pizang/03/20/cell_1761646809036_912349010008_98367_0000.png
3,3,8,8,1.4441008567810059,cell_1761648959186_912349010008_91278_0000.png,/home/wangqianqian/project/FS/data/28gusui&pizang/03/55/cell_1761648959186_912349010008_91278_0000.png
3,3,9,9,1.4518874883651733,cell_1761646888618_912349010008_105041_0100.png,/home/wangqianqian/project/FS/data/28gusui&pizang/03/21/cell_1761646888618_912349010008_105041_0100.png
3,3,10,10,1.4523156881332397,cell_1761646386714_912349010008_62786_0000.png,/home/wangqianqian/project/FS/data/28gusui&pizang/03/13/cell_1761646386714_912349010008_62786_0000.png
3,3,11,11,1.4548639059066772,cell_1761648425327_912349010008_40572_0000.png,/home/wangqianqian/project/FS/data/28gusui&pizang/03/47/cell_1761648425327_912349010008_40572_0000.png
3,3,12,12,1.4577069282531738,cell_1761648926327_912349010008_88481_0100.png,/home/wangqianqian/project/FS/data/28gusui&pizang/03/55/cell_1761648926327_912349010008_88481_0100.png
3,3,13,13,1.468098759651184,cell_1761648987054_912349010008_93751_0100.png,/home/wangqianqian/project/FS/data/28gusui&pizang/03/56/cell_1761648987054_912349010008_93751_0100.png
3,3,14,14,1.4804755449295044,cell_1761645918323_912349010008_25098_0000.png,/home/wangqianqian/project/FS/data/28gusui&pizang/03/05/cell_1761645918323_912349010008_25098_0000.png
3,3,15,15,1.487066626548767,cell_1761648964043_912349010008_91710_0100.png,/home/wangqianqian/project/FS/data/28gusui&pizang/03/56/cell_1761648964043_912349010008_91710_0100.png
3,3,16,16,1.4954460859298706,cell_1761648217456_912349010008_22247_0100.png,/home/wangqianqian/project/FS/data/28gusui&pizang/03/43/cell_1761648217456_912349010008_22247_0100.png
3,3,17,17,1.510677695274353,cell_1761648885634_912349010008_85034_0000.png,/home/wangqianqian/project/FS/data/28gusui&pizang/03/54/cell_1761648885634_912349010008_85034_0000.png
3,3,18,18,1.515479326248169,cell_1761646048125_912349010008_35895_0100.png,/home/wangqianqian/project/FS/data/28gusui&pizang/03/07/cell_1761646048125_912349010008_35895_0100.png
3,3,19,19,1.5211948156356812,cell_1761645876155_912349010008_21945_0000.png,/home/wangqianqian/project/FS/data/28gusui&pizang/03/04/cell_1761645876155_912349010008_21945_0000.png
3,3,20,20,1.5262656211853027,cell_1761648624688_912349010008_58752_0100.png,/home/wangqianqian/project/FS/data/28gusui&pizang/03/50/cell_1761648624688_912349010008_58752_0100.png
4,4,1,1,0.6718469858169556,cell_1761646593766_912349010008_80269_0000.png,/home/wangqianqian/project/FS/data/28gusui&pizang/03/16/cell_1761646593766_912349010008_80269_0000.png
4,4,2,2,0.6863524317741394,cell_1761646060990_912349010008_37020_0100.png,/home/wangqianqian/project/FS/data/28gusui&pizang/03/07/cell_1761646060990_912349010008_37020_0100.png
4,4,3,3,0.7029246091842651,cell_1761647799112_912349010008_818_0000.png,/home/wangqianqian/project/FS/data/28gusui&pizang/03/36/cell_1761647799112_912349010008_818_0000.png
4,4,4,4,0.7103720307350159,cell_1761648626556_912349010008_58958_0100.png,/home/wangqianqian/project/FS/data/28gusui&pizang/03/50/cell_1761648626556_912349010008_58958_0100.png
4,4,5,5,0.7153133749961853,cell_1761646256416_912349010008_51928_0100.png,/home/wangqianqian/project/FS/data/28gusui&pizang/03/10/cell_1761646256416_912349010008_51928_0100.png
4,4,6,6,0.7189952731132507,cell_1761645745758_912349010008_11613_0000.png,/home/wangqianqian/project/FS/data/28gusui&pizang/03/02/cell_1761645745758_912349010008_11613_0000.png
4,4,7,7,0.7197684645652771,cell_1761648938442_912349010008_89528_0100.png,/home/wangqianqian/project/FS/data/28gusui&pizang/03/55/cell_1761648938442_912349010008_89528_0100.png
4,4,8,8,0.7201935648918152,cell_1761648710799_912349010008_67613_0100.png,/home/wangqianqian/project/FS/data/28gusui&pizang/03/51/cell_1761648710799_912349010008_67613_0100.png
4,4,9,9,0.724440336227417,cell_1761645754331_912349010008_12233_0000.png,/home/wangqianqian/project/FS/data/28gusui&pizang/03/02/cell_1761645754331_912349010008_12233_0000.png
4,4,10,10,0.7311177253723145,cell_1761646838500_912349010008_100854_0000.png,/home/wangqianqian/project/FS/data/28gusui&pizang/03/20/cell_1761646838500_912349010008_100854_0000.png
4,4,11,11,0.732315182685852,cell_1761648155122_912349010008_17550_0100.png,/home/wangqianqian/project/FS/data/28gusui&pizang/03/42/cell_1761648155122_912349010008_17550_0100.png
4,4,12,12,0.7338930368423462,cell_1761646746380_912349010008_93209_0100.png,/home/wangqianqian/project/FS/data/28gusui&pizang/03/19/cell_1761646746380_912349010008_93209_0100.png
4,4,13,13,0.7346129417419434,cell_1761648069999_912349010008_11897_0000.png,/home/wangqianqian/project/FS/data/28gusui&pizang/03/41/cell_1761648069999_912349010008_11897_0000.png
4,4,14,14,0.7349026799201965,cell_1761645858379_912349010008_20405_0000.png,/home/wangqianqian/project/FS/data/28gusui&pizang/03/04/cell_1761645858379_912349010008_20405_0000.png
4,4,15,15,0.7368114590644836,cell_1761645822539_912349010008_17438_0000.png,/home/wangqianqian/project/FS/data/28gusui&pizang/03/03/cell_1761645822539_912349010008_17438_0000.png
4,4,16,16,0.7537793517112732,cell_1761648775522_912349010008_73859_0100.png,/home/wangqianqian/project/FS/data/28gusui&pizang/03/52/cell_1761648775522_912349010008_73859_0100.png
4,4,17,17,0.7569732069969177,cell_1761645818536_912349010008_17081_0000.png,/home/wangqianqian/project/FS/data/28gusui&pizang/03/03/cell_1761645818536_912349010008_17081_0000.png
4,4,18,18,0.7579105496406555,cell_1761645787010_912349010008_14656_0000.png,/home/wangqianqian/project/FS/data/28gusui&pizang/03/03/cell_1761645787010_912349010008_14656_0000.png
4,4,19,19,0.7708911895751953,cell_1761645965004_912349010008_28814_0000.png,/home/wangqianqian/project/FS/data/28gusui&pizang/03/06/cell_1761645965004_912349010008_28814_0000.png
4,4,20,20,0.7722064256668091,cell_1761649131625_912349010008_108460_0000.png,/home/wangqianqian/project/FS/data/28gusui&pizang/03/58/cell_1761649131625_912349010008_108460_0000.png
5,5,1,1,0.13416704535484314,cell_1761646518320_912349010008_74338_0000.png,/home/wangqianqian/project/FS/data/28gusui&pizang/03/15/cell_1761646518320_912349010008_74338_0000.png
5,5,2,2,0.16827179491519928,cell_1761648067830_912349010008_11771_0100.png,/home/wangqianqian/project/FS/data/28gusui&pizang/03/41/cell_1761648067830_912349010008_11771_0100.png
5,5,3,3,0.17116008698940277,cell_1761647980432_912349010008_7414_0000.png,/home/wangqianqian/project/FS/data/28gusui&pizang/03/39/cell_1761647980432_912349010008_7414_0000.png
5,5,4,4,0.1822729855775833,cell_1761648431376_912349010008_41156_0100.png,/home/wangqianqian/project/FS/data/28gusui&pizang/03/47/cell_1761648431376_912349010008_41156_0100.png
5,5,5,5,0.2030615359544754,cell_1761648435348_912349010008_41575_0100.png,/home/wangqianqian/project/FS/data/28gusui&pizang/03/47/cell_1761648435348_912349010008_41575_0100.png
5,5,6,6,0.2057199329137802,cell_1761648802388_912349010008_76755_0000.png,/home/wangqianqian/project/FS/data/28gusui&pizang/03/53/cell_1761648802388_912349010008_76755_0000.png
5,5,7,7,0.2057376205921173,cell_1761646166299_912349010008_44761_0000.png,/home/wangqianqian/project/FS/data/28gusui&pizang/03/09/cell_1761646166299_912349010008_44761_0000.png
5,5,8,8,0.21024172008037567,cell_1761648846182_912349010008_81052_0100.png,/home/wangqianqian/project/FS/data/28gusui&pizang/03/54/cell_1761648846182_912349010008_81052_0100.png
5,5,9,9,0.21064086258411407,cell_1761648706477_912349010008_67139_0000.png,/home/wangqianqian/project/FS/data/28gusui&pizang/03/51/cell_1761648706477_912349010008_67139_0000.png
5,5,10,10,0.21215300261974335,cell_1761647735093_912349010008_211_0000.png,/home/wangqianqian/project/FS/data/28gusui&pizang/03/35/cell_1761647735093_912349010008_211_0000.png
5,5,11,11,0.21303671598434448,cell_1761648436540_912349010008_41731_0000.png,/home/wangqianqian/project/FS/data/28gusui&pizang/03/47/cell_1761648436540_912349010008_41731_0000.png
5,5,12,12,0.21565768122673035,cell_1761648245698_912349010008_24636_0000.png,/home/wangqianqian/project/FS/data/28gusui&pizang/03/44/cell_1761648245698_912349010008_24636_0000.png
5,5,13,13,0.21603654325008392,cell_1761648897503_912349010008_86088_0000.png,/home/wangqianqian/project/FS/data/28gusui&pizang/03/54/cell_1761648897503_912349010008_86088_0000.png
5,5,14,14,0.21608415246009827,cell_1761649125881_912349010008_107834_0000.png,/home/wangqianqian/project/FS/data/28gusui&pizang/03/58/cell_1761649125881_912349010008_107834_0000.png
5,5,15,15,0.21732990443706512,cell_1761645789757_912349010008_14886_0100.png,/home/wangqianqian/project/FS/data/28gusui&pizang/03/03/cell_1761645789757_912349010008_14886_0100.png
5,5,16,16,0.21753719449043274,cell_1761645761769_912349010008_12800_0100.png,/home/wangqianqian/project/FS/data/28gusui&pizang/03/02/cell_1761645761769_912349010008_12800_0100.png
5,5,17,17,0.22055137157440186,cell_1761649026113_912349010008_97396_0000.png,/home/wangqianqian/project/FS/data/28gusui&pizang/03/57/cell_1761649026113_912349010008_97396_0000.png
5,5,18,18,0.2218989133834839,cell_1761648349141_912349010008_33763_0000.png,/home/wangqianqian/project/FS/data/28gusui&pizang/03/45/cell_1761648349141_912349010008_33763_0000.png
5,5,19,19,0.22278551757335663,cell_1761648523009_912349010008_49060_0100.png,/home/wangqianqian/project/FS/data/28gusui&pizang/03/48/cell_1761648523009_912349010008_49060_0100.png
5,5,20,20,0.22384873032569885,cell_1761648122903_912349010008_15255_0000.png,/home/wangqianqian/project/FS/data/28gusui&pizang/03/42/cell_1761648122903_912349010008_15255_0000.png
6,6,1,1,1.1194289922714233,cell_1761648592717_912349010008_55579_0100.png,/home/wangqianqian/project/FS/data/28gusui&pizang/03/49/cell_1761648592717_912349010008_55579_0100.png
6,6,2,2,1.1358287334442139,cell_1761646394514_912349010008_63354_0000.png,/home/wangqianqian/project/FS/data/28gusui&pizang/03/13/cell_1761646394514_912349010008_63354_0000.png
6,6,3,3,1.1452224254608154,cell_1761645744119_912349010008_11500_0100.png,/home/wangqianqian/project/FS/data/28gusui&pizang/03/02/cell_1761645744119_912349010008_11500_0100.png
6,6,4,4,1.1781474351882935,cell_1761648816465_912349010008_78207_0100.png,/home/wangqianqian/project/FS/data/28gusui&pizang/03/53/cell_1761648816465_912349010008_78207_0100.png
6,6,5,5,1.2115126848220825,cell_1761646295197_912349010008_55275_0000.png,/home/wangqianqian/project/FS/data/28gusui&pizang/03/11/cell_1761646295197_912349010008_55275_0000.png
6,6,6,6,1.2387006282806396,cell_1761646467402_912349010008_69732_0100.png,/home/wangqianqian/project/FS/data/28gusui&pizang/03/14/cell_1761646467402_912349010008_69732_0100.png
6,6,7,7,1.2590386867523193,cell_1761646877962_912349010008_104198_0100.png,/home/wangqianqian/project/FS/data/28gusui&pizang/03/21/cell_1761646877962_912349010008_104198_0100.png
6,6,8,8,1.2706186771392822,cell_1761646350361_912349010008_59867_0100.png,/home/wangqianqian/project/FS/data/28gusui&pizang/03/12/cell_1761646350361_912349010008_59867_0100.png
6,6,9,9,1.2718181610107422,cell_1761647955409_912349010008_6432_0000.png,/home/wangqianqian/project/FS/data/28gusui&pizang/03/39/cell_1761647955409_912349010008_6432_0000.png
6,6,10,10,1.2820475101470947,cell_1761649099736_912349010008_105091_0100.png,/home/wangqianqian/project/FS/data/28gusui&pizang/03/58/cell_1761649099736_912349010008_105091_0100.png
6,6,11,11,1.2821009159088135,cell_1761649142205_912349010008_109533_0100.png,/home/wangqianqian/project/FS/data/28gusui&pizang/03/59/cell_1761649142205_912349010008_109533_0100.png
6,6,12,12,1.287874698638916,cell_1761646798622_912349010008_97421_0000.png,/home/wangqianqian/project/FS/data/28gusui&pizang/03/19/cell_1761646798622_912349010008_97421_0000.png
6,6,13,13,1.293454885482788,cell_1761648626985_912349010008_58997_0100.png,/home/wangqianqian/project/FS/data/28gusui&pizang/03/50/cell_1761648626985_912349010008_58997_0100.png
6,6,14,14,1.2967660427093506,cell_1761646041137_912349010008_35279_0000.png,/home/wangqianqian/project/FS/data/28gusui&pizang/03/07/cell_1761646041137_912349010008_35279_0000.png
6,6,15,15,1.3146578073501587,cell_1761648925284_912349010008_88357_0000.png,/home/wangqianqian/project/FS/data/28gusui&pizang/03/55/cell_1761648925284_912349010008_88357_0000.png
6,6,16,16,1.3206889629364014,cell_1761648221066_912349010008_22540_0100.png,/home/wangqianqian/project/FS/data/28gusui&pizang/03/43/cell_1761648221066_912349010008_22540_0100.png
6,6,17,17,1.3280658721923828,cell_1761646337770_912349010008_58823_0000.png,/home/wangqianqian/project/FS/data/28gusui&pizang/03/12/cell_1761646337770_912349010008_58823_0000.png
6,6,18,18,1.3419164419174194,cell_1761648553554_912349010008_51812_0100.png,/home/wangqianqian/project/FS/data/28gusui&pizang/03/49/cell_1761648553554_912349010008_51812_0100.png
6,6,19,19,1.3502528667449951,cell_1761648314876_912349010008_30724_0000.png,/home/wangqianqian/project/FS/data/28gusui&pizang/03/45/cell_1761648314876_912349010008_30724_0000.png
6,6,20,20,1.3538949489593506,cell_1761648559731_912349010008_52377_0100.png,/home/wangqianqian/project/FS/data/28gusui&pizang/03/49/cell_1761648559731_912349010008_52377_0100.png
7,7,1,1,0.8179805278778076,cell_1761649053300_912349010008_100190_0100.png,/home/wangqianqian/project/FS/data/28gusui&pizang/03/57/cell_1761649053300_912349010008_100190_0100.png
7,7,2,2,0.8466070294380188,cell_1761648680991_912349010008_64455_0100.png,/home/wangqianqian/project/FS/data/28gusui&pizang/03/51/cell_1761648680991_912349010008_64455_0100.png
7,7,3,3,0.847780168056488,cell_1761646321429_912349010008_57511_0100.png,/home/wangqianqian/project/FS/data/28gusui&pizang/03/12/cell_1761646321429_912349010008_57511_0100.png
7,7,4,4,0.849753201007843,cell_1761648982642_912349010008_93356_0000.png,/home/wangqianqian/project/FS/data/28gusui&pizang/03/56/cell_1761648982642_912349010008_93356_0000.png
7,7,5,5,0.8508340120315552,cell_1761648857890_912349010008_82217_0100.png,/home/wangqianqian/project/FS/data/28gusui&pizang/03/54/cell_1761648857890_912349010008_82217_0100.png
7,7,6,6,0.8581495881080627,cell_1761648399896_912349010008_38218_0000.png,/home/wangqianqian/project/FS/data/28gusui&pizang/03/46/cell_1761648399896_912349010008_38218_0000.png
7,7,7,7,0.8838818669319153,cell_1761648129153_912349010008_15678_0000.png,/home/wangqianqian/project/FS/data/28gusui&pizang/03/42/cell_1761648129153_912349010008_15678_0000.png
7,7,8,8,0.8870373368263245,cell_1761646488343_912349010008_71669_0000.png,/home/wangqianqian/project/FS/data/28gusui&pizang/03/14/cell_1761646488343_912349010008_71669_0000.png
7,7,9,9,0.8872620463371277,cell_1761649137775_912349010008_109058_0000.png,/home/wangqianqian/project/FS/data/28gusui&pizang/03/58/cell_1761649137775_912349010008_109058_0000.png
7,7,10,10,0.8882932662963867,cell_1761648633585_912349010008_59654_0000.png,/home/wangqianqian/project/FS/data/28gusui&pizang/03/50/cell_1761648633585_912349010008_59654_0000.png
7,7,11,11,0.891577422618866,cell_1761649123189_912349010008_107565_0000.png,/home/wangqianqian/project/FS/data/28gusui&pizang/03/58/cell_1761649123189_912349010008_107565_0000.png
7,7,12,12,0.8937445282936096,cell_1761648464403_912349010008_44179_0100.png,/home/wangqianqian/project/FS/data/28gusui&pizang/03/47/cell_1761648464403_912349010008_44179_0100.png
7,7,13,13,0.899117112159729,cell_1761648370490_912349010008_35674_0000.png,/home/wangqianqian/project/FS/data/28gusui&pizang/03/46/cell_1761648370490_912349010008_35674_0000.png
7,7,14,14,0.9028082489967346,cell_1761645947529_912349010008_27419_0100.png,/home/wangqianqian/project/FS/data/28gusui&pizang/03/05/cell_1761645947529_912349010008_27419_0100.png
7,7,15,15,0.9070143103599548,cell_1761646729021_912349010008_91777_0000.png,/home/wangqianqian/project/FS/data/28gusui&pizang/03/18/cell_1761646729021_912349010008_91777_0000.png
7,7,16,16,0.9085647463798523,cell_1761649031466_912349010008_97950_0100.png,/home/wangqianqian/project/FS/data/28gusui&pizang/03/57/cell_1761649031466_912349010008_97950_0100.png
7,7,17,17,0.9136385321617126,cell_1761646846718_912349010008_101537_0100.png,/home/wangqianqian/project/FS/data/28gusui&pizang/03/20/cell_1761646846718_912349010008_101537_0100.png
7,7,18,18,0.9143779277801514,cell_1761646185019_912349010008_46190_0000.png,/home/wangqianqian/project/FS/data/28gusui&pizang/03/09/cell_1761646185019_912349010008_46190_0000.png
7,7,19,19,0.9230412244796753,cell_1761648166299_912349010008_18282_0000.png,/home/wangqianqian/project/FS/data/28gusui&pizang/03/42/cell_1761648166299_912349010008_18282_0000.png
7,7,20,20,0.9283384084701538,cell_1761648440636_912349010008_42108_0100.png,/home/wangqianqian/project/FS/data/28gusui&pizang/03/47/cell_1761648440636_912349010008_42108_0100.png
8,8,1,1,0.6634594798088074,cell_1761648556030_912349010008_52045_0000.png,/home/wangqianqian/project/FS/data/28gusui&pizang/03/49/cell_1761648556030_912349010008_52045_0000.png
8,8,2,2,0.6932455897331238,cell_1761646134834_912349010008_42457_0000.png,/home/wangqianqian/project/FS/data/28gusui&pizang/03/08/cell_1761646134834_912349010008_42457_0000.png
8,8,3,3,0.7181450128555298,cell_1761645961296_912349010008_28492_0000.png,/home/wangqianqian/project/FS/data/28gusui&pizang/03/06/cell_1761645961296_912349010008_28492_0000.png
8,8,4,4,0.7190977931022644,cell_1761646251506_912349010008_51551_0000.png,/home/wangqianqian/project/FS/data/28gusui&pizang/03/10/cell_1761646251506_912349010008_51551_0000.png
8,8,5,5,0.7227607369422913,cell_1761646193902_912349010008_46826_0000.png,/home/wangqianqian/project/FS/data/28gusui&pizang/03/09/cell_1761646193902_912349010008_46826_0000.png
8,8,6,6,0.7326405644416809,cell_1761645804927_912349010008_16051_0000.png,/home/wangqianqian/project/FS/data/28gusui&pizang/03/03/cell_1761645804927_912349010008_16051_0000.png
8,8,7,7,0.7344281077384949,cell_1761646166526_912349010008_44779_0000.png,/home/wangqianqian/project/FS/data/28gusui&pizang/03/09/cell_1761646166526_912349010008_44779_0000.png
8,8,8,8,0.7576141357421875,cell_1761646687051_912349010008_88421_0000.png,/home/wangqianqian/project/FS/data/28gusui&pizang/03/18/cell_1761646687051_912349010008_88421_0000.png
8,8,9,9,0.7583423852920532,cell_1761646141182_912349010008_42890_0100.png,/home/wangqianqian/project/FS/data/28gusui&pizang/03/09/cell_1761646141182_912349010008_42890_0100.png
8,8,10,10,0.7585318088531494,cell_1761648811886_912349010008_77757_0000.png,/home/wangqianqian/project/FS/data/28gusui&pizang/03/53/cell_1761648811886_912349010008_77757_0000.png
8,8,11,11,0.759316623210907,cell_1761646036684_912349010008_34900_0000.png,/home/wangqianqian/project/FS/data/28gusui&pizang/03/07/cell_1761646036684_912349010008_34900_0000.png
8,8,12,12,0.7596932649612427,cell_1761646037412_912349010008_34976_0100.png,/home/wangqianqian/project/FS/data/28gusui&pizang/03/07/cell_1761646037412_912349010008_34976_0100.png
8,8,13,13,0.7671229243278503,cell_1761645907331_912349010008_24333_0100.png,/home/wangqianqian/project/FS/data/28gusui&pizang/03/05/cell_1761645907331_912349010008_24333_0100.png
8,8,14,14,0.7705014944076538,cell_1761648933157_912349010008_89102_0000.png,/home/wangqianqian/project/FS/data/28gusui&pizang/03/55/cell_1761648933157_912349010008_89102_0000.png
8,8,15,15,0.7726446986198425,cell_1761646438702_912349010008_67137_0000.png,/home/wangqianqian/project/FS/data/28gusui&pizang/03/13/cell_1761646438702_912349010008_67137_0000.png
8,8,16,16,0.7787001132965088,cell_1761645857955_912349010008_20368_0000.png,/home/wangqianqian/project/FS/data/28gusui&pizang/03/04/cell_1761645857955_912349010008_20368_0000.png
8,8,17,17,0.7880637645721436,cell_1761646030275_912349010008_34373_0100.png,/home/wangqianqian/project/FS/data/28gusui&pizang/03/07/cell_1761646030275_912349010008_34373_0100.png
8,8,18,18,0.7883620262145996,cell_1761649054459_912349010008_100306_0000.png,/home/wangqianqian/project/FS/data/28gusui&pizang/03/57/cell_1761649054459_912349010008_100306_0000.png
8,8,19,19,0.7892968058586121,cell_1761648677266_912349010008_64041_0100.png,/home/wangqianqian/project/FS/data/28gusui&pizang/03/51/cell_1761648677266_912349010008_64041_0100.png
8,8,20,20,0.7915137410163879,cell_1761648133464_912349010008_16018_0000.png,/home/wangqianqian/project/FS/data/28gusui&pizang/03/42/cell_1761648133464_912349010008_16018_0000.png
9,9,1,1,0.670059323310852,cell_1761648945259_912349010008_90097_0000.png,/home/wangqianqian/project/FS/data/28gusui&pizang/03/55/cell_1761648945259_912349010008_90097_0000.png
9,9,2,2,0.6883258819580078,cell_1761646242985_912349010008_50845_0000.png,/home/wangqianqian/project/FS/data/28gusui&pizang/03/10/cell_1761646242985_912349010008_50845_0000.png
9,9,3,3,0.7218548655509949,cell_1761648549299_912349010008_51445_0100.png,/home/wangqianqian/project/FS/data/28gusui&pizang/03/49/cell_1761648549299_912349010008_51445_0100.png
9,9,4,4,0.7235113978385925,cell_1761646331733_912349010008_58352_0100.png,/home/wangqianqian/project/FS/data/28gusui&pizang/03/12/cell_1761646331733_912349010008_58352_0100.png
9,9,5,5,0.7270806431770325,cell_1761646548298_912349010008_76798_0000.png,/home/wangqianqian/project/FS/data/28gusui&pizang/03/15/cell_1761646548298_912349010008_76798_0000.png
9,9,6,6,0.7507339715957642,cell_1761646335205_912349010008_58643_0000.png,/home/wangqianqian/project/FS/data/28gusui&pizang/03/12/cell_1761646335205_912349010008_58643_0000.png
9,9,7,7,0.7560386061668396,cell_1761646354842_912349010008_60261_0000.png,/home/wangqianqian/project/FS/data/28gusui&pizang/03/12/cell_1761646354842_912349010008_60261_0000.png
9,9,8,8,0.7599130868911743,cell_1761648245145_912349010008_24566_0000.png,/home/wangqianqian/project/FS/data/28gusui&pizang/03/44/cell_1761648245145_912349010008_24566_0000.png
9,9,9,9,0.761299192905426,cell_1761646070734_912349010008_37733_0100.png,/home/wangqianqian/project/FS/data/28gusui&pizang/03/07/cell_1761646070734_912349010008_37733_0100.png
9,9,10,10,0.7662175297737122,cell_1761649173804_912349010008_112930_0000.png,/home/wangqianqian/project/FS/data/28gusui&pizang/03/59/cell_1761649173804_912349010008_112930_0000.png
9,9,11,11,0.7772877216339111,cell_1761645935701_912349010008_26455_0000.png,/home/wangqianqian/project/FS/data/28gusui&pizang/03/05/cell_1761645935701_912349010008_26455_0000.png
9,9,12,12,0.7827503681182861,cell_1761646719055_912349010008_90914_0000.png,/home/wangqianqian/project/FS/data/28gusui&pizang/03/18/cell_1761646719055_912349010008_90914_0000.png
9,9,13,13,0.7830642461776733,cell_1761649166690_912349010008_112143_0000.png,/home/wangqianqian/project/FS/data/28gusui&pizang/03/59/cell_1761649166690_912349010008_112143_0000.png
9,9,14,14,0.7863922715187073,cell_1761648225421_912349010008_22866_0000.png,/home/wangqianqian/project/FS/data/28gusui&pizang/03/43/cell_1761648225421_912349010008_22866_0000.png
9,9,15,15,0.7904950976371765,cell_1761648787052_912349010008_75040_0000.png,/home/wangqianqian/project/FS/data/28gusui&pizang/03/53/cell_1761648787052_912349010008_75040_0000.png
9,9,16,16,0.8005873560905457,cell_1761648693862_912349010008_65807_0100.png,/home/wangqianqian/project/FS/data/28gusui&pizang/03/51/cell_1761648693862_912349010008_65807_0100.png
9,9,17,17,0.8013603687286377,cell_1761646739161_912349010008_92638_0100.png,/home/wangqianqian/project/FS/data/28gusui&pizang/03/18/cell_1761646739161_912349010008_92638_0100.png
9,9,18,18,0.8050196170806885,cell_1761645717319_912349010008_9550_0100.png,/home/wangqianqian/project/FS/data/28gusui&pizang/03/01/cell_1761645717319_912349010008_9550_0100.png
9,9,19,19,0.8118703365325928,cell_1761648567571_912349010008_53155_0000.png,/home/wangqianqian/project/FS/data/28gusui&pizang/03/49/cell_1761648567571_912349010008_53155_0000.png
9,9,20,20,0.8172096014022827,cell_1761648333257_912349010008_32310_0100.png,/home/wangqianqian/project/FS/data/28gusui&pizang/03/45/cell_1761648333257_912349010008_32310_0100.png
10,10,1,1,1.2628151178359985,cell_1761648313682_912349010008_30629_0100.png,/home/wangqianqian/project/FS/data/28gusui&pizang/03/45/cell_1761648313682_912349010008_30629_0100.png
10,10,2,2,1.2979121208190918,cell_1761649088192_912349010008_103850_0100.png,/home/wangqianqian/project/FS/data/28gusui&pizang/03/58/cell_1761649088192_912349010008_103850_0100.png
10,10,3,3,1.3195370435714722,cell_1761648274996_912349010008_27304_0000.png,/home/wangqianqian/project/FS/data/28gusui&pizang/03/44/cell_1761648274996_912349010008_27304_0000.png
10,10,4,4,1.364485740661621,cell_1761645754888_912349010008_12296_0000.png,/home/wangqianqian/project/FS/data/28gusui&pizang/03/02/cell_1761645754888_912349010008_12296_0000.png
10,10,5,5,1.4115231037139893,cell_1761646591677_912349010008_80092_0100.png,/home/wangqianqian/project/FS/data/28gusui&pizang/03/16/cell_1761646591677_912349010008_80092_0100.png
10,10,6,6,1.4829543828964233,cell_1761646468854_912349010008_69862_0100.png,/home/wangqianqian/project/FS/data/28gusui&pizang/03/14/cell_1761646468854_912349010008_69862_0100.png
10,10,7,7,1.4873496294021606,cell_1761646532249_912349010008_75451_0000.png,/home/wangqianqian/project/FS/data/28gusui&pizang/03/15/cell_1761646532249_912349010008_75451_0000.png
10,10,8,8,1.4937756061553955,cell_1761648687467_912349010008_65127_0100.png,/home/wangqianqian/project/FS/data/28gusui&pizang/03/51/cell_1761648687467_912349010008_65127_0100.png
10,10,9,9,1.5414159297943115,cell_1761648325629_912349010008_31568_0000.png,/home/wangqianqian/project/FS/data/28gusui&pizang/03/45/cell_1761648325629_912349010008_31568_0000.png
10,10,10,10,1.547565221786499,cell_1761645761126_912349010008_12752_0000.png,/home/wangqianqian/project/FS/data/28gusui&pizang/03/02/cell_1761645761126_912349010008_12752_0000.png
10,10,11,11,1.55050790309906,cell_1761646640210_912349010008_84200_0100.png,/home/wangqianqian/project/FS/data/28gusui&pizang/03/17/cell_1761646640210_912349010008_84200_0100.png
10,10,12,12,1.5571881532669067,cell_1761649036437_912349010008_98411_0000.png,/home/wangqianqian/project/FS/data/28gusui&pizang/03/57/cell_1761649036437_912349010008_98411_0000.png
10,10,13,13,1.5599379539489746,cell_1761645913631_912349010008_24782_0100.png,/home/wangqianqian/project/FS/data/28gusui&pizang/03/05/cell_1761645913631_912349010008_24782_0100.png
10,10,14,14,1.5657117366790771,cell_1761646888105_912349010008_104998_0100.png,/home/wangqianqian/project/FS/data/28gusui&pizang/03/21/cell_1761646888105_912349010008_104998_0100.png
10,10,15,15,1.5704340934753418,cell_1761647979379_912349010008_7371_0000.png,/home/wangqianqian/project/FS/data/28gusui&pizang/03/39/cell_1761647979379_912349010008_7371_0000.png
10,10,16,16,1.571848750114441,cell_1761648922755_912349010008_88086_0000.png,/home/wangqianqian/project/FS/data/28gusui&pizang/03/55/cell_1761648922755_912349010008_88086_0000.png
10,10,17,17,1.5757116079330444,cell_1761645712905_912349010008_9191_0000.png,/home/wangqianqian/project/FS/data/28gusui&pizang/03/01/cell_1761645712905_912349010008_9191_0000.png
10,10,18,18,1.5864415168762207,cell_1761648795824_912349010008_76033_0000.png,/home/wangqianqian/project/FS/data/28gusui&pizang/03/53/cell_1761648795824_912349010008_76033_0000.png
10,10,19,19,1.593331217765808,cell_1761648975835_912349010008_92747_0000.png,/home/wangqianqian/project/FS/data/28gusui&pizang/03/56/cell_1761648975835_912349010008_92747_0000.png
10,10,20,20,1.6001160144805908,cell_1761648763760_912349010008_72807_0100.png,/home/wangqianqian/project/FS/data/28gusui&pizang/03/52/cell_1761648763760_912349010008_72807_0100.png
11,11,1,1,0.7407254576683044,cell_1761648426982_912349010008_40738_0000.png,/home/wangqianqian/project/FS/data/28gusui&pizang/03/47/cell_1761648426982_912349010008_40738_0000.png
11,11,2,2,0.7420538663864136,cell_1761649067837_912349010008_101722_0000.png,/home/wangqianqian/project/FS/data/28gusui&pizang/03/57/cell_1761649067837_912349010008_101722_0000.png
11,11,3,3,0.7595948576927185,cell_1761648415316_912349010008_39606_0000.png,/home/wangqianqian/project/FS/data/28gusui&pizang/03/46/cell_1761648415316_912349010008_39606_0000.png
11,11,4,4,0.7626146078109741,cell_1761646841115_912349010008_101049_0000.png,/home/wangqianqian/project/FS/data/28gusui&pizang/03/20/cell_1761646841115_912349010008_101049_0000.png
11,11,5,5,0.7946666479110718,cell_1761648716191_912349010008_68151_0000.png,/home/wangqianqian/project/FS/data/28gusui&pizang/03/51/cell_1761648716191_912349010008_68151_0000.png
11,11,6,6,0.8232038617134094,cell_1761649011869_912349010008_96088_0100.png,/home/wangqianqian/project/FS/data/28gusui&pizang/03/56/cell_1761649011869_912349010008_96088_0100.png
11,11,7,7,0.8298750519752502,cell_1761646880905_912349010008_104472_0000.png,/home/wangqianqian/project/FS/data/28gusui&pizang/03/21/cell_1761646880905_912349010008_104472_0000.png
11,11,8,8,0.8303821682929993,cell_1761649175559_912349010008_113103_0000.png,/home/wangqianqian/project/FS/data/28gusui&pizang/03/59/cell_1761649175559_912349010008_113103_0000.png
11,11,9,9,0.8400452136993408,cell_1761648625443_912349010008_58832_0000.png,/home/wangqianqian/project/FS/data/28gusui&pizang/03/50/cell_1761648625443_912349010008_58832_0000.png
11,11,10,10,0.8414064049720764,cell_1761646480538_912349010008_70877_0000.png,/home/wangqianqian/project/FS/data/28gusui&pizang/03/14/cell_1761646480538_912349010008_70877_0000.png
11,11,11,11,0.8427854776382446,cell_1761648847786_912349010008_81227_0100.png,/home/wangqianqian/project/FS/data/28gusui&pizang/03/54/cell_1761648847786_912349010008_81227_0100.png
11,11,12,12,0.8474669456481934,cell_1761646833386_912349010008_100438_0100.png,/home/wangqianqian/project/FS/data/28gusui&pizang/03/20/cell_1761646833386_912349010008_100438_0100.png
11,11,13,13,0.8486973643302917,cell_1761648947675_912349010008_90295_0000.png,/home/wangqianqian/project/FS/data/28gusui&pizang/03/55/cell_1761648947675_912349010008_90295_0000.png
11,11,14,14,0.8554976582527161,cell_1761649068199_912349010008_101763_0000.png,/home/wangqianqian/project/FS/data/28gusui&pizang/03/57/cell_1761649068199_912349010008_101763_0000.png
11,11,15,15,0.8573827147483826,cell_1761646855360_912349010008_102303_0000.png,/home/wangqianqian/project/FS/data/28gusui&pizang/03/20/cell_1761646855360_912349010008_102303_0000.png
11,11,16,16,0.8584187626838684,cell_1761646446766_912349010008_67875_0000.png,/home/wangqianqian/project/FS/data/28gusui&pizang/03/14/cell_1761646446766_912349010008_67875_0000.png
11,11,17,17,0.860470175743103,cell_1761648402264_912349010008_38402_0100.png,/home/wangqianqian/project/FS/data/28gusui&pizang/03/46/cell_1761648402264_912349010008_38402_0100.png
11,11,18,18,0.8723716139793396,cell_1761645977027_912349010008_29829_0000.png,/home/wangqianqian/project/FS/data/28gusui&pizang/03/06/cell_1761645977027_912349010008_29829_0000.png
11,11,19,19,0.8778454065322876,cell_1761648494555_912349010008_46777_0000.png,/home/wangqianqian/project/FS/data/28gusui&pizang/03/48/cell_1761648494555_912349010008_46777_0000.png
11,11,20,20,0.8810768723487854,cell_1761646788192_912349010008_96521_0000.png,/home/wangqianqian/project/FS/data/28gusui&pizang/03/19/cell_1761646788192_912349010008_96521_0000.png
12,12,1,1,0.16793812811374664,cell_1761648919793_912349010008_87842_0000.png,/home/wangqianqian/project/FS/data/28gusui&pizang/03/55/cell_1761648919793_912349010008_87842_0000.png
12,12,2,2,0.1700555384159088,cell_1761646695348_912349010008_89097_0100.png,/home/wangqianqian/project/FS/data/28gusui&pizang/03/18/cell_1761646695348_912349010008_89097_0100.png
12,12,3,3,0.1717369705438614,cell_1761648963882_912349010008_91697_0100.png,/home/wangqianqian/project/FS/data/28gusui&pizang/03/56/cell_1761648963882_912349010008_91697_0100.png
12,12,4,4,0.17255455255508423,cell_1761648845170_912349010008_80963_0100.png,/home/wangqianqian/project/FS/data/28gusui&pizang/03/54/cell_1761648845170_912349010008_80963_0100.png
12,12,5,5,0.1794164776802063,cell_1761648718390_912349010008_68365_0100.png,/home/wangqianqian/project/FS/data/28gusui&pizang/03/51/cell_1761648718390_912349010008_68365_0100.png
12,12,6,6,0.17964470386505127,cell_1761648007349_912349010008_8584_0100.png,/home/wangqianqian/project/FS/data/28gusui&pizang/03/40/cell_1761648007349_912349010008_8584_0100.png
12,12,7,7,0.19001412391662598,cell_1761648777537_912349010008_74055_0100.png,/home/wangqianqian/project/FS/data/28gusui&pizang/03/52/cell_1761648777537_912349010008_74055_0100.png
12,12,8,8,0.1918245255947113,cell_1761648196953_912349010008_20574_0100.png,/home/wangqianqian/project/FS/data/28gusui&pizang/03/43/cell_1761648196953_912349010008_20574_0100.png
12,12,9,9,0.19264164566993713,cell_1761648304133_912349010008_29818_0100.png,/home/wangqianqian/project/FS/data/28gusui&pizang/03/45/cell_1761648304133_912349010008_29818_0100.png
12,12,10,10,0.19332994520664215,cell_1761646176591_912349010008_45492_0100.png,/home/wangqianqian/project/FS/data/28gusui&pizang/03/09/cell_1761646176591_912349010008_45492_0100.png
12,12,11,11,0.1933557093143463,cell_1761648206815_912349010008_21408_0100.png,/home/wangqianqian/project/FS/data/28gusui&pizang/03/43/cell_1761648206815_912349010008_21408_0100.png
12,12,12,12,0.2028014212846756,cell_1761647708767_912349010008_134_0100.png,/home/wangqianqian/project/FS/data/28gusui&pizang/03/35/cell_1761647708767_912349010008_134_0100.png
12,12,13,13,0.20479117333889008,cell_1761649148374_912349010008_110161_0000.png,/home/wangqianqian/project/FS/data/28gusui&pizang/03/59/cell_1761649148374_912349010008_110161_0000.png
12,12,14,14,0.20511475205421448,cell_1761645956000_912349010008_28088_0100.png,/home/wangqianqian/project/FS/data/28gusui&pizang/03/05/cell_1761645956000_912349010008_28088_0100.png
12,12,15,15,0.20549006760120392,cell_1761648364855_912349010008_35174_0100.png,/home/wangqianqian/project/FS/data/28gusui&pizang/03/46/cell_1761648364855_912349010008_35174_0100.png
12,12,16,16,0.20911554992198944,cell_1761646916628_912349010008_107365_0100.png,/home/wangqianqian/project/FS/data/28gusui&pizang/03/21/cell_1761646916628_912349010008_107365_0100.png
12,12,17,17,0.21284881234169006,cell_1761648635083_912349010008_59821_0100.png,/home/wangqianqian/project/FS/data/28gusui&pizang/03/50/cell_1761648635083_912349010008_59821_0100.png
12,12,18,18,0.214301198720932,cell_1761648235835_912349010008_23743_0000.png,/home/wangqianqian/project/FS/data/28gusui&pizang/03/43/cell_1761648235835_912349010008_23743_0000.png
12,12,19,19,0.21542532742023468,cell_1761648497172_912349010008_47013_0000.png,/home/wangqianqian/project/FS/data/28gusui&pizang/03/48/cell_1761648497172_912349010008_47013_0000.png
12,12,20,20,0.21572671830654144,cell_1761648365624_912349010008_35237_0100.png,/home/wangqianqian/project/FS/data/28gusui&pizang/03/46/cell_1761648365624_912349010008_35237_0100.png
13,13,1,1,1.1324175596237183,cell_1761648059572_912349010008_11248_0000.png,/home/wangqianqian/project/FS/data/28gusui&pizang/03/40/cell_1761648059572_912349010008_11248_0000.png
13,13,2,2,1.2198408842086792,cell_1761646125361_912349010008_41794_0000.png,/home/wangqianqian/project/FS/data/28gusui&pizang/03/08/cell_1761646125361_912349010008_41794_0000.png
13,13,3,3,1.2293449640274048,cell_1761648645117_912349010008_60843_0100.png,/home/wangqianqian/project/FS/data/28gusui&pizang/03/50/cell_1761648645117_912349010008_60843_0100.png
13,13,4,4,1.2313804626464844,cell_1761646197698_912349010008_47140_0100.png,/home/wangqianqian/project/FS/data/28gusui&pizang/03/09/cell_1761646197698_912349010008_47140_0100.png
13,13,5,5,1.2433350086212158,cell_1761648421747_912349010008_40245_0100.png,/home/wangqianqian/project/FS/data/28gusui&pizang/03/47/cell_1761648421747_912349010008_40245_0100.png
13,13,6,6,1.2521806955337524,cell_1761646093344_912349010008_39421_0100.png,/home/wangqianqian/project/FS/data/28gusui&pizang/03/08/cell_1761646093344_912349010008_39421_0100.png
13,13,7,7,1.2709946632385254,cell_1761646658671_912349010008_85815_0100.png,/home/wangqianqian/project/FS/data/28gusui&pizang/03/17/cell_1761646658671_912349010008_85815_0100.png
13,13,8,8,1.2765893936157227,cell_1761646756546_912349010008_93990_0000.png,/home/wangqianqian/project/FS/data/28gusui&pizang/03/19/cell_1761646756546_912349010008_93990_0000.png
13,13,9,9,1.2794591188430786,cell_1761645971913_912349010008_29373_0000.png,/home/wangqianqian/project/FS/data/28gusui&pizang/03/06/cell_1761645971913_912349010008_29373_0000.png
13,13,10,10,1.2810741662979126,cell_1761645910441_912349010008_24546_0000.png,/home/wangqianqian/project/FS/data/28gusui&pizang/03/05/cell_1761645910441_912349010008_24546_0000.png
13,13,11,11,1.2951480150222778,cell_1761646117153_912349010008_41210_0000.png,/home/wangqianqian/project/FS/data/28gusui&pizang/03/08/cell_1761646117153_912349010008_41210_0000.png
13,13,12,12,1.3087379932403564,cell_1761648696221_912349010008_66025_0000.png,/home/wangqianqian/project/FS/data/28gusui&pizang/03/51/cell_1761648696221_912349010008_66025_0000.png
13,13,13,13,1.3097829818725586,cell_1761648704750_912349010008_66941_0000.png,/home/wangqianqian/project/FS/data/28gusui&pizang/03/51/cell_1761648704750_912349010008_66941_0000.png
13,13,14,14,1.309957504272461,cell_1761646707274_912349010008_89992_0100.png,/home/wangqianqian/project/FS/data/28gusui&pizang/03/18/cell_1761646707274_912349010008_89992_0100.png
13,13,15,15,1.323084831237793,cell_1761645707968_912349010008_8904_0000.png,/home/wangqianqian/project/FS/data/28gusui&pizang/03/01/cell_1761645707968_912349010008_8904_0000.png
13,13,16,16,1.3232823610305786,cell_1761646687741_912349010008_88485_0000.png,/home/wangqianqian/project/FS/data/28gusui&pizang/03/18/cell_1761646687741_912349010008_88485_0000.png
13,13,17,17,1.323498249053955,cell_1761647972082_912349010008_7088_0100.png,/home/wangqianqian/project/FS/data/28gusui&pizang/03/39/cell_1761647972082_912349010008_7088_0100.png
13,13,18,18,1.3239119052886963,cell_1761649089676_912349010008_104020_0000.png,/home/wangqianqian/project/FS/data/28gusui&pizang/03/58/cell_1761649089676_912349010008_104020_0000.png
13,13,19,19,1.3292509317398071,cell_1761648367703_912349010008_35435_0100.png,/home/wangqianqian/project/FS/data/28gusui&pizang/03/46/cell_1761648367703_912349010008_35435_0100.png
13,13,20,20,1.3300596475601196,cell_1761646181270_912349010008_45883_0100.png,/home/wangqianqian/project/FS/data/28gusui&pizang/03/09/cell_1761646181270_912349010008_45883_0100.png
14,14,1,1,1.6716787815093994,cell_1761649176052_912349010008_113140_0000.png,/home/wangqianqian/project/FS/data/28gusui&pizang/03/59/cell_1761649176052_912349010008_113140_0000.png
14,14,2,2,1.7438149452209473,cell_1761648262454_912349010008_26080_0100.png,/home/wangqianqian/project/FS/data/28gusui&pizang/03/44/cell_1761648262454_912349010008_26080_0100.png
14,14,3,3,1.8312454223632812,cell_1761646146085_912349010008_43219_0100.png,/home/wangqianqian/project/FS/data/28gusui&pizang/03/09/cell_1761646146085_912349010008_43219_0100.png
14,14,4,4,1.8434430360794067,cell_1761646693259_912349010008_88941_0000.png,/home/wangqianqian/project/FS/data/28gusui&pizang/03/18/cell_1761646693259_912349010008_88941_0000.png
14,14,5,5,1.8468542098999023,cell_1761645739402_912349010008_11107_0000.png,/home/wangqianqian/project/FS/data/28gusui&pizang/03/02/cell_1761645739402_912349010008_11107_0000.png
14,14,6,6,1.8907314538955688,cell_1761645695307_912349010008_8113_0000.png,/home/wangqianqian/project/FS/data/28gusui&pizang/03/01/cell_1761645695307_912349010008_8113_0000.png
14,14,7,7,1.8989485502243042,cell_1761648321686_912349010008_31232_0000.png,/home/wangqianqian/project/FS/data/28gusui&pizang/03/45/cell_1761648321686_912349010008_31232_0000.png
14,14,8,8,1.909033179283142,cell_1761648264841_912349010008_26314_0100.png,/home/wangqianqian/project/FS/data/28gusui&pizang/03/44/cell_1761648264841_912349010008_26314_0100.png
14,14,9,9,1.9178050756454468,cell_1761648570598_912349010008_53422_0000.png,/home/wangqianqian/project/FS/data/28gusui&pizang/03/49/cell_1761648570598_912349010008_53422_0000.png
14,14,10,10,1.9204847812652588,cell_1761647999076_912349010008_8173_0000.png,/home/wangqianqian/project/FS/data/28gusui&pizang/03/39/cell_1761647999076_912349010008_8173_0000.png
14,14,11,11,1.953728437423706,cell_1761646105835_912349010008_40380_0000.png,/home/wangqianqian/project/FS/data/28gusui&pizang/03/08/cell_1761646105835_912349010008_40380_0000.png
14,14,12,12,1.9588391780853271,cell_1761645892123_912349010008_23187_0000.png,/home/wangqianqian/project/FS/data/28gusui&pizang/03/04/cell_1761645892123_912349010008_23187_0000.png
14,14,13,13,1.9602409601211548,cell_1761645705089_912349010008_8693_0000.png,/home/wangqianqian/project/FS/data/28gusui&pizang/03/01/cell_1761645705089_912349010008_8693_0000.png
14,14,14,14,1.96897554397583,cell_1761646074614_912349010008_37974_0000.png,/home/wangqianqian/project/FS/data/28gusui&pizang/03/07/cell_1761646074614_912349010008_37974_0000.png
14,14,15,15,1.9714738130569458,cell_1761648527434_912349010008_49438_0000.png,/home/wangqianqian/project/FS/data/28gusui&pizang/03/48/cell_1761648527434_912349010008_49438_0000.png
14,14,16,16,2.001006603240967,cell_1761646459393_912349010008_69004_0100.png,/home/wangqianqian/project/FS/data/28gusui&pizang/03/14/cell_1761646459393_912349010008_69004_0100.png
14,14,17,17,2.019289970397949,cell_1761648683801_912349010008_64761_0000.png,/home/wangqianqian/project/FS/data/28gusui&pizang/03/51/cell_1761648683801_912349010008_64761_0000.png
14,14,18,18,2.0249948501586914,cell_1761648890954_912349010008_85548_0000.png,/home/wangqianqian/project/FS/data/28gusui&pizang/03/54/cell_1761648890954_912349010008_85548_0000.png
14,14,19,19,2.0403106212615967,cell_1761645781585_912349010008_14218_0000.png,/home/wangqianqian/project/FS/data/28gusui&pizang/03/03/cell_1761645781585_912349010008_14218_0000.png
14,14,20,20,2.0516088008880615,cell_1761647922651_912349010008_5115_0000.png,/home/wangqianqian/project/FS/data/28gusui&pizang/03/38/cell_1761647922651_912349010008_5115_0000.png
15,15,1,1,0.7798846960067749,cell_1761646618846_912349010008_82364_0000.png,/home/wangqianqian/project/FS/data/28gusui&pizang/03/16/cell_1761646618846_912349010008_82364_0000.png
15,15,2,2,0.8681952357292175,cell_1761646080649_912349010008_38437_0100.png,/home/wangqianqian/project/FS/data/28gusui&pizang/03/08/cell_1761646080649_912349010008_38437_0100.png
15,15,3,3,0.9064245820045471,cell_1761646902465_912349010008_106203_0100.png,/home/wangqianqian/project/FS/data/28gusui&pizang/03/21/cell_1761646902465_912349010008_106203_0100.png
15,15,4,4,0.9724314212799072,cell_1761649078234_912349010008_102775_0100.png,/home/wangqianqian/project/FS/data/28gusui&pizang/03/57/cell_1761649078234_912349010008_102775_0100.png
15,15,5,5,0.9755271673202515,cell_1761645795069_912349010008_15270_0100.png,/home/wangqianqian/project/FS/data/28gusui&pizang/03/03/cell_1761645795069_912349010008_15270_0100.png
15,15,6,6,0.9844580292701721,cell_1761648669409_912349010008_63310_0100.png,/home/wangqianqian/project/FS/data/28gusui&pizang/03/51/cell_1761648669409_912349010008_63310_0100.png
15,15,7,7,0.9944797158241272,cell_1761646198447_912349010008_47201_0000.png,/home/wangqianqian/project/FS/data/28gusui&pizang/03/09/cell_1761646198447_912349010008_47201_0000.png
15,15,8,8,1.0013471841812134,cell_1761646450972_912349010008_68265_0000.png,/home/wangqianqian/project/FS/data/28gusui&pizang/03/14/cell_1761646450972_912349010008_68265_0000.png
15,15,9,9,1.024804711341858,cell_1761648324381_912349010008_31466_0000.png,/home/wangqianqian/project/FS/data/28gusui&pizang/03/45/cell_1761648324381_912349010008_31466_0000.png
15,15,10,10,1.0286593437194824,cell_1761646111460_912349010008_40761_0000.png,/home/wangqianqian/project/FS/data/28gusui&pizang/03/08/cell_1761646111460_912349010008_40761_0000.png
15,15,11,11,1.035750389099121,cell_1761645996749_912349010008_31418_0100.png,/home/wangqianqian/project/FS/data/28gusui&pizang/03/06/cell_1761645996749_912349010008_31418_0100.png
15,15,12,12,1.039709210395813,cell_1761649019946_912349010008_96807_0100.png,/home/wangqianqian/project/FS/data/28gusui&pizang/03/56/cell_1761649019946_912349010008_96807_0100.png
15,15,13,13,1.0538921356201172,cell_1761646212808_912349010008_48341_0100.png,/home/wangqianqian/project/FS/data/28gusui&pizang/03/10/cell_1761646212808_912349010008_48341_0100.png
15,15,14,14,1.0665735006332397,cell_1761646377917_912349010008_62131_0000.png,/home/wangqianqian/project/FS/data/28gusui&pizang/03/12/cell_1761646377917_912349010008_62131_0000.png
15,15,15,15,1.0680774450302124,cell_1761646775999_912349010008_95577_0000.png,/home/wangqianqian/project/FS/data/28gusui&pizang/03/19/cell_1761646775999_912349010008_95577_0000.png
15,15,16,16,1.0775423049926758,cell_1761648987238_912349010008_93767_0100.png,/home/wangqianqian/project/FS/data/28gusui&pizang/03/56/cell_1761648987238_912349010008_93767_0100.png
15,15,17,17,1.0795589685440063,cell_1761645802460_912349010008_15856_0100.png,/home/wangqianqian/project/FS/data/28gusui&pizang/03/03/cell_1761645802460_912349010008_15856_0100.png
15,15,18,18,1.0988337993621826,cell_1761646405193_912349010008_64156_0100.png,/home/wangqianqian/project/FS/data/28gusui&pizang/03/13/cell_1761646405193_912349010008_64156_0100.png
15,15,19,19,1.1010212898254395,cell_1761645952516_912349010008_27830_0000.png,/home/wangqianqian/project/FS/data/28gusui&pizang/03/05/cell_1761645952516_912349010008_27830_0000.png
15,15,20,20,1.1048400402069092,cell_1761647900018_912349010008_4449_0100.png,/home/wangqianqian/project/FS/data/28gusui&pizang/03/38/cell_1761647900018_912349010008_4449_0100.png
16,16,1,1,0.6563194990158081,cell_1761648615072_912349010008_57812_0000.png,/home/wangqianqian/project/FS/data/28gusui&pizang/03/50/cell_1761648615072_912349010008_57812_0000.png
16,16,2,2,0.7556402087211609,cell_1761646692699_912349010008_88894_0000.png,/home/wangqianqian/project/FS/data/28gusui&pizang/03/18/cell_1761646692699_912349010008_88894_0000.png
16,16,3,3,0.7611711025238037,cell_1761645759344_912349010008_12630_0100.png,/home/wangqianqian/project/FS/data/28gusui&pizang/03/02/cell_1761645759344_912349010008_12630_0100.png
16,16,4,4,0.7714502215385437,cell_1761646716198_912349010008_90695_0100.png,/home/wangqianqian/project/FS/data/28gusui&pizang/03/18/cell_1761646716198_912349010008_90695_0100.png
16,16,5,5,0.7838344573974609,cell_1761648368521_912349010008_35517_0100.png,/home/wangqianqian/project/FS/data/28gusui&pizang/03/46/cell_1761648368521_912349010008_35517_0100.png
16,16,6,6,0.7847138047218323,cell_1761648775332_912349010008_73843_0000.png,/home/wangqianqian/project/FS/data/28gusui&pizang/03/52/cell_1761648775332_912349010008_73843_0000.png
16,16,7,7,0.7977089285850525,cell_1761647912414_912349010008_4796_0000.png,/home/wangqianqian/project/FS/data/28gusui&pizang/03/38/cell_1761647912414_912349010008_4796_0000.png
16,16,8,8,0.7983779311180115,cell_1761646097989_912349010008_39766_0000.png,/home/wangqianqian/project/FS/data/28gusui&pizang/03/08/cell_1761646097989_912349010008_39766_0000.png
16,16,9,9,0.805017352104187,cell_1761648557247_912349010008_52168_0100.png,/home/wangqianqian/project/FS/data/28gusui&pizang/03/49/cell_1761648557247_912349010008_52168_0100.png
16,16,10,10,0.8056920170783997,cell_1761648543973_912349010008_50945_0000.png,/home/wangqianqian/project/FS/data/28gusui&pizang/03/49/cell_1761648543973_912349010008_50945_0000.png
16,16,11,11,0.8134750127792358,cell_1761649116689_912349010008_106907_0100.png,/home/wangqianqian/project/FS/data/28gusui&pizang/03/58/cell_1761649116689_912349010008_106907_0100.png
16,16,12,12,0.8331418633460999,cell_1761646838006_912349010008_100802_0100.png,/home/wangqianqian/project/FS/data/28gusui&pizang/03/20/cell_1761646838006_912349010008_100802_0100.png
16,16,13,13,0.8347402811050415,cell_1761649023392_912349010008_97170_0100.png,/home/wangqianqian/project/FS/data/28gusui&pizang/03/57/cell_1761649023392_912349010008_97170_0100.png
16,16,14,14,0.8379828929901123,cell_1761649118840_912349010008_107123_0100.png,/home/wangqianqian/project/FS/data/28gusui&pizang/03/58/cell_1761649118840_912349010008_107123_0100.png
16,16,15,15,0.8443408012390137,cell_1761646780095_912349010008_95910_0000.png,/home/wangqianqian/project/FS/data/28gusui&pizang/03/19/cell_1761646780095_912349010008_95910_0000.png
16,16,16,16,0.8447532057762146,cell_1761646329294_912349010008_58159_0100.png,/home/wangqianqian/project/FS/data/28gusui&pizang/03/12/cell_1761646329294_912349010008_58159_0100.png
16,16,17,17,0.8455219268798828,cell_1761646153463_912349010008_43809_0000.png,/home/wangqianqian/project/FS/data/28gusui&pizang/03/09/cell_1761646153463_912349010008_43809_0000.png
16,16,18,18,0.8491948843002319,cell_1761646533133_912349010008_75511_0100.png,/home/wangqianqian/project/FS/data/28gusui&pizang/03/15/cell_1761646533133_912349010008_75511_0100.png
16,16,19,19,0.8499906063079834,cell_1761645935072_912349010008_26401_0000.png,/home/wangqianqian/project/FS/data/28gusui&pizang/03/05/cell_1761645935072_912349010008_26401_0000.png
16,16,20,20,0.8535465598106384,cell_1761645759457_912349010008_12637_0100.png,/home/wangqianqian/project/FS/data/28gusui&pizang/03/02/cell_1761645759457_912349010008_12637_0100.png
17,17,1,1,0.7563908696174622,cell_1761648268307_912349010008_26629_0000.png,/home/wangqianqian/project/FS/data/28gusui&pizang/03/44/cell_1761648268307_912349010008_26629_0000.png
17,17,2,2,0.94061279296875,cell_1761649163427_912349010008_111791_0100.png,/home/wangqianqian/project/FS/data/28gusui&pizang/03/59/cell_1761649163427_912349010008_111791_0100.png
17,17,3,3,0.9629125595092773,cell_1761646622331_912349010008_82661_0000.png,/home/wangqianqian/project/FS/data/28gusui&pizang/03/17/cell_1761646622331_912349010008_82661_0000.png
17,17,4,4,0.963729977607727,cell_1761648425540_912349010008_40590_0100.png,/home/wangqianqian/project/FS/data/28gusui&pizang/03/47/cell_1761648425540_912349010008_40590_0100.png
17,17,5,5,0.9719422459602356,cell_1761646741936_912349010008_92843_0100.png,/home/wangqianqian/project/FS/data/28gusui&pizang/03/19/cell_1761646741936_912349010008_92843_0100.png
17,17,6,6,0.9993174076080322,cell_1761646192907_912349010008_46761_0100.png,/home/wangqianqian/project/FS/data/28gusui&pizang/03/09/cell_1761646192907_912349010008_46761_0100.png
17,17,7,7,1.0122243165969849,cell_1761645838440_912349010008_18661_0100.png,/home/wangqianqian/project/FS/data/28gusui&pizang/03/03/cell_1761645838440_912349010008_18661_0100.png
17,17,8,8,1.0184390544891357,cell_1761648432381_912349010008_41255_0100.png,/home/wangqianqian/project/FS/data/28gusui&pizang/03/47/cell_1761648432381_912349010008_41255_0100.png
17,17,9,9,1.026363492012024,cell_1761646027037_912349010008_34071_0100.png,/home/wangqianqian/project/FS/data/28gusui&pizang/03/07/cell_1761646027037_912349010008_34071_0100.png
17,17,10,10,1.026388168334961,cell_1761648212410_912349010008_21909_0000.png,/home/wangqianqian/project/FS/data/28gusui&pizang/03/43/cell_1761648212410_912349010008_21909_0000.png
17,17,11,11,1.0330455303192139,cell_1761646774380_912349010008_95437_0100.png,/home/wangqianqian/project/FS/data/28gusui&pizang/03/19/cell_1761646774380_912349010008_95437_0100.png
17,17,12,12,1.0347353219985962,cell_1761648676376_912349010008_63954_0000.png,/home/wangqianqian/project/FS/data/28gusui&pizang/03/51/cell_1761648676376_912349010008_63954_0000.png
17,17,13,13,1.044042944908142,cell_1761649060280_912349010008_100948_0100.png,/home/wangqianqian/project/FS/data/28gusui&pizang/03/57/cell_1761649060280_912349010008_100948_0100.png
17,17,14,14,1.0494493246078491,cell_1761649096602_912349010008_104783_0000.png,/home/wangqianqian/project/FS/data/28gusui&pizang/03/58/cell_1761649096602_912349010008_104783_0000.png
17,17,15,15,1.0496065616607666,cell_1761648378804_912349010008_36381_0000.png,/home/wangqianqian/project/FS/data/28gusui&pizang/03/46/cell_1761648378804_912349010008_36381_0000.png
17,17,16,16,1.0510724782943726,cell_1761649144645_912349010008_109795_0100.png,/home/wangqianqian/project/FS/data/28gusui&pizang/03/59/cell_1761649144645_912349010008_109795_0100.png
17,17,17,17,1.0649570226669312,cell_1761648568857_912349010008_53272_0100.png,/home/wangqianqian/project/FS/data/28gusui&pizang/03/49/cell_1761648568857_912349010008_53272_0100.png
17,17,18,18,1.0684243440628052,cell_1761648546274_912349010008_51163_0000.png,/home/wangqianqian/project/FS/data/28gusui&pizang/03/49/cell_1761648546274_912349010008_51163_0000.png
17,17,19,19,1.0801011323928833,cell_1761648026185_912349010008_9558_0000.png,/home/wangqianqian/project/FS/data/28gusui&pizang/03/40/cell_1761648026185_912349010008_9558_0000.png
17,17,20,20,1.0892616510391235,cell_1761646572821_912349010008_78663_0100.png,/home/wangqianqian/project/FS/data/28gusui&pizang/03/16/cell_1761646572821_912349010008_78663_0100.png
18,18,1,1,0.7043934464454651,cell_1761648394629_912349010008_37764_0100.png,/home/wangqianqian/project/FS/data/28gusui&pizang/03/46/cell_1761648394629_912349010008_37764_0100.png
18,18,2,2,0.7505146265029907,cell_1761646657593_912349010008_85734_0000.png,/home/wangqianqian/project/FS/data/28gusui&pizang/03/17/cell_1761646657593_912349010008_85734_0000.png
18,18,3,3,0.755989134311676,cell_1761646260455_912349010008_52246_0000.png,/home/wangqianqian/project/FS/data/28gusui&pizang/03/11/cell_1761646260455_912349010008_52246_0000.png
18,18,4,4,0.7668995261192322,cell_1761648439784_912349010008_42044_0000.png,/home/wangqianqian/project/FS/data/28gusui&pizang/03/47/cell_1761648439784_912349010008_42044_0000.png
18,18,5,5,0.7758828401565552,cell_1761648302108_912349010008_29639_0000.png,/home/wangqianqian/project/FS/data/28gusui&pizang/03/45/cell_1761648302108_912349010008_29639_0000.png
18,18,6,6,0.7766603827476501,cell_1761649082306_912349010008_103203_0000.png,/home/wangqianqian/project/FS/data/28gusui&pizang/03/58/cell_1761649082306_912349010008_103203_0000.png
18,18,7,7,0.7826451063156128,cell_1761646159085_912349010008_44261_0000.png,/home/wangqianqian/project/FS/data/28gusui&pizang/03/09/cell_1761646159085_912349010008_44261_0000.png
18,18,8,8,0.7883849740028381,cell_1761646812144_912349010008_98659_0000.png,/home/wangqianqian/project/FS/data/28gusui&pizang/03/20/cell_1761646812144_912349010008_98659_0000.png
18,18,9,9,0.794431746006012,cell_1761648064514_912349010008_11547_0100.png,/home/wangqianqian/project/FS/data/28gusui&pizang/03/41/cell_1761648064514_912349010008_11547_0100.png
18,18,10,10,0.7990742325782776,cell_1761648484631_912349010008_45952_0000.png,/home/wangqianqian/project/FS/data/28gusui&pizang/03/48/cell_1761648484631_912349010008_45952_0000.png
18,18,11,11,0.8108389973640442,cell_1761646618325_912349010008_82310_0000.png,/home/wangqianqian/project/FS/data/28gusui&pizang/03/16/cell_1761646618325_912349010008_82310_0000.png
18,18,12,12,0.8116299510002136,cell_1761646539185_912349010008_76027_0000.png,/home/wangqianqian/project/FS/data/28gusui&pizang/03/15/cell_1761646539185_912349010008_76027_0000.png
18,18,13,13,0.8117746710777283,cell_1761645975061_912349010008_29678_0000.png,/home/wangqianqian/project/FS/data/28gusui&pizang/03/06/cell_1761645975061_912349010008_29678_0000.png
18,18,14,14,0.8160210251808167,cell_1761646673077_912349010008_87121_0000.png,/home/wangqianqian/project/FS/data/28gusui&pizang/03/17/cell_1761646673077_912349010008_87121_0000.png
18,18,15,15,0.8164339065551758,cell_1761648375228_912349010008_36066_0000.png,/home/wangqianqian/project/FS/data/28gusui&pizang/03/46/cell_1761648375228_912349010008_36066_0000.png
18,18,16,16,0.8212816119194031,cell_1761648301340_912349010008_29584_0000.png,/home/wangqianqian/project/FS/data/28gusui&pizang/03/45/cell_1761648301340_912349010008_29584_0000.png
18,18,17,17,0.823183000087738,cell_1761646834266_912349010008_100499_0000.png,/home/wangqianqian/project/FS/data/28gusui&pizang/03/20/cell_1761646834266_912349010008_100499_0000.png
18,18,18,18,0.8364208936691284,cell_1761645777075_912349010008_13876_0000.png,/home/wangqianqian/project/FS/data/28gusui&pizang/03/02/cell_1761645777075_912349010008_13876_0000.png
18,18,19,19,0.8372119665145874,cell_1761649131081_912349010008_108402_0000.png,/home/wangqianqian/project/FS/data/28gusui&pizang/03/58/cell_1761649131081_912349010008_108402_0000.png
18,18,20,20,0.8419814705848694,cell_1761646156256_912349010008_44033_0000.png,/home/wangqianqian/project/FS/data/28gusui&pizang/03/09/cell_1761646156256_912349010008_44033_0000.png
19,19,1,1,0.6982409358024597,cell_1761647918883_912349010008_5008_0000.png,/home/wangqianqian/project/FS/data/28gusui&pizang/03/38/cell_1761647918883_912349010008_5008_0000.png
19,19,2,2,0.7381424307823181,cell_1761646180047_912349010008_45781_0100.png,/home/wangqianqian/project/FS/data/28gusui&pizang/03/09/cell_1761646180047_912349010008_45781_0100.png
19,19,3,3,0.7577635049819946,cell_1761645871599_912349010008_21541_0000.png,/home/wangqianqian/project/FS/data/28gusui&pizang/03/04/cell_1761645871599_912349010008_21541_0000.png
19,19,4,4,0.769169270992279,cell_1761646858814_912349010008_102607_0100.png,/home/wangqianqian/project/FS/data/28gusui&pizang/03/20/cell_1761646858814_912349010008_102607_0100.png
19,19,5,5,0.7711892127990723,cell_1761648194900_912349010008_20432_0100.png,/home/wangqianqian/project/FS/data/28gusui&pizang/03/43/cell_1761648194900_912349010008_20432_0100.png
19,19,6,6,0.7767851948738098,cell_1761646610192_912349010008_81607_0100.png,/home/wangqianqian/project/FS/data/28gusui&pizang/03/16/cell_1761646610192_912349010008_81607_0100.png
19,19,7,7,0.7913135886192322,cell_1761648863488_912349010008_82829_0000.png,/home/wangqianqian/project/FS/data/28gusui&pizang/03/54/cell_1761648863488_912349010008_82829_0000.png
19,19,8,8,0.7925747632980347,cell_1761648435156_912349010008_41560_0100.png,/home/wangqianqian/project/FS/data/28gusui&pizang/03/47/cell_1761648435156_912349010008_41560_0100.png
19,19,9,9,0.7954078912734985,cell_1761648702152_912349010008_66634_0000.png,/home/wangqianqian/project/FS/data/28gusui&pizang/03/51/cell_1761648702152_912349010008_66634_0000.png
19,19,10,10,0.8012260794639587,cell_1761646583573_912349010008_79449_0100.png,/home/wangqianqian/project/FS/data/28gusui&pizang/03/16/cell_1761646583573_912349010008_79449_0100.png
19,19,11,11,0.8053980469703674,cell_1761648762570_912349010008_72694_0100.png,/home/wangqianqian/project/FS/data/28gusui&pizang/03/52/cell_1761648762570_912349010008_72694_0100.png
19,19,12,12,0.8185555934906006,cell_1761648739101_912349010008_70413_0000.png,/home/wangqianqian/project/FS/data/28gusui&pizang/03/52/cell_1761648739101_912349010008_70413_0000.png
19,19,13,13,0.8395026326179504,cell_1761648794559_912349010008_75899_0100.png,/home/wangqianqian/project/FS/data/28gusui&pizang/03/53/cell_1761648794559_912349010008_75899_0100.png
19,19,14,14,0.8449769616127014,cell_1761647983847_912349010008_7527_0100.png,/home/wangqianqian/project/FS/data/28gusui&pizang/03/39/cell_1761647983847_912349010008_7527_0100.png
19,19,15,15,0.8478754162788391,cell_1761646669846_912349010008_86819_0000.png,/home/wangqianqian/project/FS/data/28gusui&pizang/03/17/cell_1761646669846_912349010008_86819_0000.png
19,19,16,16,0.8492003679275513,cell_1761648656157_912349010008_62007_0000.png,/home/wangqianqian/project/FS/data/28gusui&pizang/03/50/cell_1761648656157_912349010008_62007_0000.png
19,19,17,17,0.8511351346969604,cell_1761647894659_912349010008_4240_0100.png,/home/wangqianqian/project/FS/data/28gusui&pizang/03/38/cell_1761647894659_912349010008_4240_0100.png
19,19,18,18,0.8546510934829712,cell_1761648358508_912349010008_34597_0000.png,/home/wangqianqian/project/FS/data/28gusui&pizang/03/45/cell_1761648358508_912349010008_34597_0000.png
19,19,19,19,0.8555883169174194,cell_1761649094657_912349010008_104585_0000.png,/home/wangqianqian/project/FS/data/28gusui&pizang/03/58/cell_1761649094657_912349010008_104585_0000.png
19,19,20,20,0.8556511998176575,cell_1761646443940_912349010008_67585_0100.png,/home/wangqianqian/project/FS/data/28gusui&pizang/03/14/cell_1761646443940_912349010008_67585_0100.png
20,20,1,1,1.079598069190979,cell_1761648238026_912349010008_23951_0000.png,/home/wangqianqian/project/FS/data/28gusui&pizang/03/43/cell_1761648238026_912349010008_23951_0000.png
20,20,2,2,1.1332234144210815,cell_1761647737659_912349010008_216_0000.png,/home/wangqianqian/project/FS/data/28gusui&pizang/03/35/cell_1761647737659_912349010008_216_0000.png
20,20,3,3,1.1944575309753418,cell_1761648310047_912349010008_30327_0000.png,/home/wangqianqian/project/FS/data/28gusui&pizang/03/45/cell_1761648310047_912349010008_30327_0000.png
20,20,4,4,1.2100727558135986,cell_1761647697873_912349010008_93_0000.png,/home/wangqianqian/project/FS/data/28gusui&pizang/03/34/cell_1761647697873_912349010008_93_0000.png
20,20,5,5,1.2997325658798218,cell_1761648684763_912349010008_64835_0000.png,/home/wangqianqian/project/FS/data/28gusui&pizang/03/51/cell_1761648684763_912349010008_64835_0000.png
20,20,6,6,1.3426178693771362,cell_1761648764471_912349010008_72873_0100.png,/home/wangqianqian/project/FS/data/28gusui&pizang/03/52/cell_1761648764471_912349010008_72873_0100.png
20,20,7,7,1.3428514003753662,cell_1761648019375_912349010008_9195_0000.png,/home/wangqianqian/project/FS/data/28gusui&pizang/03/40/cell_1761648019375_912349010008_9195_0000.png
20,20,8,8,1.584168553352356,cell_1761648444347_912349010008_42453_0100.png,/home/wangqianqian/project/FS/data/28gusui&pizang/03/47/cell_1761648444347_912349010008_42453_0100.png
20,20,9,9,1.6135108470916748,cell_1761648555926_912349010008_52037_0100.png,/home/wangqianqian/project/FS/data/28gusui&pizang/03/49/cell_1761648555926_912349010008_52037_0100.png
20,20,10,10,1.6474170684814453,cell_1761648064953_912349010008_11570_0000.png,/home/wangqianqian/project/FS/data/28gusui&pizang/03/41/cell_1761648064953_912349010008_11570_0000.png
20,20,11,11,1.6965974569320679,cell_1761647713167_912349010008_148_0000.png,/home/wangqianqian/project/FS/data/28gusui&pizang/03/35/cell_1761647713167_912349010008_148_0000.png
20,20,12,12,1.7091789245605469,cell_1761647895620_912349010008_4262_0000.png,/home/wangqianqian/project/FS/data/28gusui&pizang/03/38/cell_1761647895620_912349010008_4262_0000.png
20,20,13,13,1.7166043519973755,cell_1761646446591_912349010008_67856_0000.png,/home/wangqianqian/project/FS/data/28gusui&pizang/03/14/cell_1761646446591_912349010008_67856_0000.png
20,20,14,14,1.7231520414352417,cell_1761648037411_912349010008_10145_0000.png,/home/wangqianqian/project/FS/data/28gusui&pizang/03/40/cell_1761648037411_912349010008_10145_0000.png
20,20,15,15,1.7327955961227417,cell_1761645703906_912349010008_8630_0100.png,/home/wangqianqian/project/FS/data/28gusui&pizang/03/01/cell_1761645703906_912349010008_8630_0100.png
20,20,16,16,1.7937005758285522,cell_1761647705354_912349010008_116_0100.png,/home/wangqianqian/project/FS/data/28gusui&pizang/03/35/cell_1761647705354_912349010008_116_0100.png
20,20,17,17,1.861862063407898,cell_1761648398641_912349010008_38128_0000.png,/home/wangqianqian/project/FS/data/28gusui&pizang/03/46/cell_1761648398641_912349010008_38128_0000.png
20,20,18,18,1.878047227859497,cell_1761647709529_912349010008_140_0000.png,/home/wangqianqian/project/FS/data/28gusui&pizang/03/35/cell_1761647709529_912349010008_140_0000.png
20,20,19,19,1.9012459516525269,cell_1761647757992_912349010008_267_0100.png,/home/wangqianqian/project/FS/data/28gusui&pizang/03/35/cell_1761647757992_912349010008_267_0100.png
20,20,20,20,1.9057135581970215,cell_1761648401490_912349010008_38341_0000.png,/home/wangqianqian/project/FS/data/28gusui&pizang/03/46/cell_1761648401490_912349010008_38341_0000.png
