cluster_label,rank_in_cluster,distance_to_centroid,image_name,image_path
0,1,0.9622161388397217,cell_1763023768813_912349010008_7107_0000.png,/home/wangqianqian/project/FS/data/13JM+CAOV3+MNT1/00/49/cell_1763023768813_912349010008_7107_0000.png
0,2,1.241128921508789,cell_1763025196407_912349010008_4662_0100.png,/home/wangqianqian/project/FS/data/13JM+CAOV3+MNT1/01/13/cell_1763025196407_912349010008_4662_0100.png
0,3,1.3150569200515747,cell_1763024867648_912349010008_2623_0000.png,/home/wangqianqian/project/FS/data/13JM+CAOV3+MNT1/01/07/cell_1763024867648_912349010008_2623_0000.png
0,4,1.355743408203125,cell_1763024679372_912349010008_1563_0000.png,/home/wangqianqian/project/FS/data/13JM+CAOV3+MNT1/01/04/cell_1763024679372_912349010008_1563_0000.png
0,5,1.362896203994751,cell_1763023426498_912349010008_5200_0000.png,/home/wangqianqian/project/FS/data/13JM+CAOV3+MNT1/00/43/cell_1763023426498_912349010008_5200_0000.png
0,6,1.3665506839752197,cell_1763024679372_912349010008_1563_0100.png,/home/wangqianqian/project/FS/data/13JM+CAOV3+MNT1/01/04/cell_1763024679372_912349010008_1563_0100.png
0,7,1.3820322751998901,cell_1763024887690_912349010008_2765_0000.png,/home/wangqianqian/project/FS/data/13JM+CAOV3+MNT1/01/08/cell_1763024887690_912349010008_2765_0000.png
0,8,1.3985412120819092,cell_1763022996335_912349010008_3271_0000.png,/home/wangqianqian/project/FS/data/13JM+CAOV3+MNT1/00/36/cell_1763022996335_912349010008_3271_0000.png
0,9,1.4401265382766724,cell_1763024603964_912349010008_920_0000.png,/home/wangqianqian/project/FS/data/13JM+CAOV3+MNT1/01/03/cell_1763024603964_912349010008_920_0000.png
0,10,1.4450522661209106,cell_1763022805009_912349010008_2465_0000.png,/home/wangqianqian/project/FS/data/13JM+CAOV3+MNT1/00/33/cell_1763022805009_912349010008_2465_0000.png
0,11,1.4650719165802002,cell_1763023364846_912349010008_4926_0000.png,/home/wangqianqian/project/FS/data/13JM+CAOV3+MNT1/00/42/cell_1763023364846_912349010008_4926_0000.png
0,12,1.4744495153427124,cell_1763025334489_912349010008_5713_0000.png,/home/wangqianqian/project/FS/data/13JM+CAOV3+MNT1/01/15/cell_1763025334489_912349010008_5713_0000.png
0,13,1.4793806076049805,cell_1763022890663_912349010008_2813_0000.png,/home/wangqianqian/project/FS/data/13JM+CAOV3+MNT1/00/34/cell_1763022890663_912349010008_2813_0000.png
0,14,1.4797606468200684,cell_1763023679675_912349010008_6571_0000.png,/home/wangqianqian/project/FS/data/13JM+CAOV3+MNT1/00/47/cell_1763023679675_912349010008_6571_0000.png
0,15,1.4997482299804688,cell_1763025020398_912349010008_3518_0000.png,/home/wangqianqian/project/FS/data/13JM+CAOV3+MNT1/01/10/cell_1763025020398_912349010008_3518_0000.png
0,16,1.5009218454360962,cell_1763025057440_912349010008_3779_0000.png,/home/wangqianqian/project/FS/data/13JM+CAOV3+MNT1/01/10/cell_1763025057440_912349010008_3779_0000.png
0,17,1.523758053779602,cell_1763025196407_912349010008_4662_0000.png,/home/wangqianqian/project/FS/data/13JM+CAOV3+MNT1/01/13/cell_1763025196407_912349010008_4662_0000.png
0,18,1.5442758798599243,cell_1763025218925_912349010008_4824_0000.png,/home/wangqianqian/project/FS/data/13JM+CAOV3+MNT1/01/13/cell_1763025218925_912349010008_4824_0000.png
0,19,1.5621196031570435,cell_1763090063724_912349010008_6311_0000.png,/home/wangqianqian/project/FS/data/13JM+CAOV3+MNT1/19/14/cell_1763090063724_912349010008_6311_0000.png
0,20,1.5650427341461182,cell_1763026458594_912349010008_1144_0100.png,/home/wangqianqian/project/FS/data/13JM+CAOV3+MNT1/01/34/cell_1763026458594_912349010008_1144_0100.png
1,1,1.265439748764038,cell_1763090527568_912349010008_18455_0000.png,/home/wangqianqian/project/FS/data/13JM+CAOV3+MNT1/19/22/cell_1763090527568_912349010008_18455_0000.png
1,2,1.3942703008651733,cell_1763090476694_912349010008_17224_0000.png,/home/wangqianqian/project/FS/data/13JM+CAOV3+MNT1/19/21/cell_1763090476694_912349010008_17224_0000.png
1,3,1.417953372001648,cell_1763090616242_912349010008_21166_0000.png,/home/wangqianqian/project/FS/data/13JM+CAOV3+MNT1/19/23/cell_1763090616242_912349010008_21166_0000.png
1,4,1.494194507598877,cell_1763090086266_912349010008_7162_0000.png,/home/wangqianqian/project/FS/data/13JM+CAOV3+MNT1/19/14/cell_1763090086266_912349010008_7162_0000.png
1,5,1.6445884704589844,cell_1763090051237_912349010008_4918_0000.png,/home/wangqianqian/project/FS/data/13JM+CAOV3+MNT1/19/14/cell_1763090051237_912349010008_4918_0000.png
1,6,1.663904070854187,cell_1763090395416_912349010008_15125_0000.png,/home/wangqianqian/project/FS/data/13JM+CAOV3+MNT1/19/19/cell_1763090395416_912349010008_15125_0000.png
1,7,1.6874868869781494,cell_1763090387667_912349010008_14881_0000.png,/home/wangqianqian/project/FS/data/13JM+CAOV3+MNT1/19/19/cell_1763090387667_912349010008_14881_0000.png
1,8,1.7271071672439575,cell_1763090318870_912349010008_13140_0000.png,/home/wangqianqian/project/FS/data/13JM+CAOV3+MNT1/19/18/cell_1763090318870_912349010008_13140_0000.png
1,9,1.7435014247894287,cell_1763090109839_912349010008_7843_0100.png,/home/wangqianqian/project/FS/data/13JM+CAOV3+MNT1/19/15/cell_1763090109839_912349010008_7843_0100.png
1,10,1.7460651397705078,cell_1763090238900_912349010008_11188_0000.png,/home/wangqianqian/project/FS/data/13JM+CAOV3+MNT1/19/17/cell_1763090238900_912349010008_11188_0000.png
1,11,1.7772645950317383,cell_1763090446662_912349010008_16383_0000.png,/home/wangqianqian/project/FS/data/13JM+CAOV3+MNT1/19/20/cell_1763090446662_912349010008_16383_0000.png
1,12,1.7805471420288086,cell_1763090135090_912349010008_8601_0000.png,/home/wangqianqian/project/FS/data/13JM+CAOV3+MNT1/19/15/cell_1763090135090_912349010008_8601_0000.png
1,13,1.7897063493728638,cell_1763090643295_912349010008_21909_0000.png,/home/wangqianqian/project/FS/data/13JM+CAOV3+MNT1/19/24/cell_1763090643295_912349010008_21909_0000.png
1,14,1.8135640621185303,cell_1763089996872_912349010008_3147_0100.png,/home/wangqianqian/project/FS/data/13JM+CAOV3+MNT1/19/13/cell_1763089996872_912349010008_3147_0100.png
1,15,1.8351820707321167,cell_1763090059484_912349010008_5912_0000.png,/home/wangqianqian/project/FS/data/13JM+CAOV3+MNT1/19/14/cell_1763090059484_912349010008_5912_0000.png
1,16,1.8396040201187134,cell_1763090007368_912349010008_3574_0000.png,/home/wangqianqian/project/FS/data/13JM+CAOV3+MNT1/19/13/cell_1763090007368_912349010008_3574_0000.png
1,17,1.8398573398590088,cell_1763090014204_912349010008_3863_0000.png,/home/wangqianqian/project/FS/data/13JM+CAOV3+MNT1/19/13/cell_1763090014204_912349010008_3863_0000.png
1,18,1.862680435180664,cell_1763090334334_912349010008_13587_0000.png,/home/wangqianqian/project/FS/data/13JM+CAOV3+MNT1/19/18/cell_1763090334334_912349010008_13587_0000.png
1,19,1.8746933937072754,cell_1763090012600_912349010008_3805_0000.png,/home/wangqianqian/project/FS/data/13JM+CAOV3+MNT1/19/13/cell_1763090012600_912349010008_3805_0000.png
1,20,1.8810629844665527,cell_1763090524415_912349010008_18364_0100.png,/home/wangqianqian/project/FS/data/13JM+CAOV3+MNT1/19/22/cell_1763090524415_912349010008_18364_0100.png
2,1,1.164380431175232,cell_1763023191233_912349010008_4186_0000.png,/home/wangqianqian/project/FS/data/13JM+CAOV3+MNT1/00/39/cell_1763023191233_912349010008_4186_0000.png
2,2,1.2903119325637817,cell_1763025440922_912349010008_6537_0100.png,/home/wangqianqian/project/FS/data/13JM+CAOV3+MNT1/01/17/cell_1763025440922_912349010008_6537_0100.png
2,3,1.3484479188919067,cell_1763023808601_912349010008_7361_0100.png,/home/wangqianqian/project/FS/data/13JM+CAOV3+MNT1/00/50/cell_1763023808601_912349010008_7361_0100.png
2,4,1.3519819974899292,cell_1763023140905_912349010008_3931_0000.png,/home/wangqianqian/project/FS/data/13JM+CAOV3+MNT1/00/39/cell_1763023140905_912349010008_3931_0000.png
2,5,1.3675804138183594,cell_1763022915405_912349010008_2913_0000.png,/home/wangqianqian/project/FS/data/13JM+CAOV3+MNT1/00/35/cell_1763022915405_912349010008_2913_0000.png
2,6,1.3772999048233032,cell_1763024897674_912349010008_2833_0000.png,/home/wangqianqian/project/FS/data/13JM+CAOV3+MNT1/01/08/cell_1763024897674_912349010008_2833_0000.png
2,7,1.403334617614746,cell_1763090576279_912349010008_19970_0100.png,/home/wangqianqian/project/FS/data/13JM+CAOV3+MNT1/19/22/cell_1763090576279_912349010008_19970_0100.png
2,8,1.4038078784942627,cell_1763023617017_912349010008_6136_0000.png,/home/wangqianqian/project/FS/data/13JM+CAOV3+MNT1/00/46/cell_1763023617017_912349010008_6136_0000.png
2,9,1.435238003730774,cell_1763025145441_912349010008_4318_0000.png,/home/wangqianqian/project/FS/data/13JM+CAOV3+MNT1/01/12/cell_1763025145441_912349010008_4318_0000.png
2,10,1.443943738937378,cell_1763023841305_912349010008_7512_0000.png,/home/wangqianqian/project/FS/data/13JM+CAOV3+MNT1/00/50/cell_1763023841305_912349010008_7512_0000.png
2,11,1.4795020818710327,cell_1763090361122_912349010008_14243_0000.png,/home/wangqianqian/project/FS/data/13JM+CAOV3+MNT1/19/19/cell_1763090361122_912349010008_14243_0000.png
2,12,1.4808869361877441,cell_1763022504376_912349010008_1377_0000.png,/home/wangqianqian/project/FS/data/13JM+CAOV3+MNT1/00/28/cell_1763022504376_912349010008_1377_0000.png
2,13,1.4857847690582275,cell_1763022944878_912349010008_3047_0000.png,/home/wangqianqian/project/FS/data/13JM+CAOV3+MNT1/00/35/cell_1763022944878_912349010008_3047_0000.png
2,14,1.4888389110565186,cell_1763025190292_912349010008_4618_0000.png,/home/wangqianqian/project/FS/data/13JM+CAOV3+MNT1/01/13/cell_1763025190292_912349010008_4618_0000.png
2,15,1.518358826637268,cell_1763090653990_912349010008_22202_0100.png,/home/wangqianqian/project/FS/data/13JM+CAOV3+MNT1/19/24/cell_1763090653990_912349010008_22202_0100.png
2,16,1.5223357677459717,cell_1763090084697_912349010008_7130_0000.png,/home/wangqianqian/project/FS/data/13JM+CAOV3+MNT1/19/14/cell_1763090084697_912349010008_7130_0000.png
2,17,1.536126971244812,cell_1763023850097_912349010008_7548_0000.png,/home/wangqianqian/project/FS/data/13JM+CAOV3+MNT1/00/50/cell_1763023850097_912349010008_7548_0000.png
2,18,1.5455803871154785,cell_1763089985597_912349010008_2866_0000.png,/home/wangqianqian/project/FS/data/13JM+CAOV3+MNT1/19/13/cell_1763089985597_912349010008_2866_0000.png
2,19,1.5540251731872559,cell_1763022988171_912349010008_3223_0000.png,/home/wangqianqian/project/FS/data/13JM+CAOV3+MNT1/00/36/cell_1763022988171_912349010008_3223_0000.png
2,20,1.5561186075210571,cell_1763023647246_912349010008_6340_0000.png,/home/wangqianqian/project/FS/data/13JM+CAOV3+MNT1/00/47/cell_1763023647246_912349010008_6340_0000.png
3,1,1.074948787689209,cell_1763023772333_912349010008_7136_0000.png,/home/wangqianqian/project/FS/data/13JM+CAOV3+MNT1/00/49/cell_1763023772333_912349010008_7136_0000.png
3,2,1.1262449026107788,cell_1763024679305_912349010008_1562_0000.png,/home/wangqianqian/project/FS/data/13JM+CAOV3+MNT1/01/04/cell_1763024679305_912349010008_1562_0000.png
3,3,1.2041836977005005,cell_1763023532103_912349010008_5771_0000.png,/home/wangqianqian/project/FS/data/13JM+CAOV3+MNT1/00/45/cell_1763023532103_912349010008_5771_0000.png
3,4,1.2296485900878906,cell_1763025235131_912349010008_4997_0000.png,/home/wangqianqian/project/FS/data/13JM+CAOV3+MNT1/01/13/cell_1763025235131_912349010008_4997_0000.png
3,5,1.3071892261505127,cell_1763025022202_912349010008_3529_0000.png,/home/wangqianqian/project/FS/data/13JM+CAOV3+MNT1/01/10/cell_1763025022202_912349010008_3529_0000.png
3,6,1.3572161197662354,cell_1763026494729_912349010008_1293_0000.png,/home/wangqianqian/project/FS/data/13JM+CAOV3+MNT1/01/34/cell_1763026494729_912349010008_1293_0000.png
3,7,1.4255001544952393,cell_1763090000846_912349010008_3313_0100.png,/home/wangqianqian/project/FS/data/13JM+CAOV3+MNT1/19/13/cell_1763090000846_912349010008_3313_0100.png
3,8,1.4345769882202148,cell_1763024631781_912349010008_1197_0000.png,/home/wangqianqian/project/FS/data/13JM+CAOV3+MNT1/01/03/cell_1763024631781_912349010008_1197_0000.png
3,9,1.448244333267212,cell_1763023861084_912349010008_7587_0000.png,/home/wangqianqian/project/FS/data/13JM+CAOV3+MNT1/00/51/cell_1763023861084_912349010008_7587_0000.png
3,10,1.4614259004592896,cell_1763023341382_912349010008_4839_0000.png,/home/wangqianqian/project/FS/data/13JM+CAOV3+MNT1/00/42/cell_1763023341382_912349010008_4839_0000.png
3,11,1.5075896978378296,cell_1763024642806_912349010008_1295_0000.png,/home/wangqianqian/project/FS/data/13JM+CAOV3+MNT1/01/04/cell_1763024642806_912349010008_1295_0000.png
3,12,1.5291861295700073,cell_1763024605473_912349010008_935_0100.png,/home/wangqianqian/project/FS/data/13JM+CAOV3+MNT1/01/03/cell_1763024605473_912349010008_935_0100.png
3,13,1.549994945526123,cell_1763090247586_912349010008_11409_0000.png,/home/wangqianqian/project/FS/data/13JM+CAOV3+MNT1/19/17/cell_1763090247586_912349010008_11409_0000.png
3,14,1.5701872110366821,cell_1763025332583_912349010008_5688_0000.png,/home/wangqianqian/project/FS/data/13JM+CAOV3+MNT1/01/15/cell_1763025332583_912349010008_5688_0000.png
3,15,1.5777426958084106,cell_1763025203424_912349010008_4727_0000.png,/home/wangqianqian/project/FS/data/13JM+CAOV3+MNT1/01/13/cell_1763025203424_912349010008_4727_0000.png
3,16,1.589212417602539,cell_1763023251961_912349010008_4471_0100.png,/home/wangqianqian/project/FS/data/13JM+CAOV3+MNT1/00/40/cell_1763023251961_912349010008_4471_0100.png
3,17,1.589542269706726,cell_1763090055395_912349010008_5095_0000.png,/home/wangqianqian/project/FS/data/13JM+CAOV3+MNT1/19/14/cell_1763090055395_912349010008_5095_0000.png
3,18,1.6055997610092163,cell_1763090161159_912349010008_9227_0000.png,/home/wangqianqian/project/FS/data/13JM+CAOV3+MNT1/19/16/cell_1763090161159_912349010008_9227_0000.png
3,19,1.6172746419906616,cell_1763025047756_912349010008_3712_0000.png,/home/wangqianqian/project/FS/data/13JM+CAOV3+MNT1/01/10/cell_1763025047756_912349010008_3712_0000.png
3,20,1.6258502006530762,cell_1763023192047_912349010008_4191_0100.png,/home/wangqianqian/project/FS/data/13JM+CAOV3+MNT1/00/39/cell_1763023192047_912349010008_4191_0100.png
4,1,1.2743891477584839,cell_1763090461118_912349010008_16693_0000.png,/home/wangqianqian/project/FS/data/13JM+CAOV3+MNT1/19/21/cell_1763090461118_912349010008_16693_0000.png
4,2,1.5167245864868164,cell_1763090119451_912349010008_8121_0000.png,/home/wangqianqian/project/FS/data/13JM+CAOV3+MNT1/19/15/cell_1763090119451_912349010008_8121_0000.png
4,3,1.541075348854065,cell_1763025012191_912349010008_3468_0000.png,/home/wangqianqian/project/FS/data/13JM+CAOV3+MNT1/01/10/cell_1763025012191_912349010008_3468_0000.png
4,4,1.5497432947158813,cell_1763024634896_912349010008_1220_0100.png,/home/wangqianqian/project/FS/data/13JM+CAOV3+MNT1/01/03/cell_1763024634896_912349010008_1220_0100.png
4,5,1.5517326593399048,cell_1763090334660_912349010008_13599_0000.png,/home/wangqianqian/project/FS/data/13JM+CAOV3+MNT1/19/18/cell_1763090334660_912349010008_13599_0000.png
4,6,1.580747365951538,cell_1763090160928_912349010008_9224_0000.png,/home/wangqianqian/project/FS/data/13JM+CAOV3+MNT1/19/16/cell_1763090160928_912349010008_9224_0000.png
4,7,1.5961241722106934,cell_1763022917205_912349010008_2921_0100.png,/home/wangqianqian/project/FS/data/13JM+CAOV3+MNT1/00/35/cell_1763022917205_912349010008_2921_0100.png
4,8,1.6160926818847656,cell_1763090224246_912349010008_10798_0000.png,/home/wangqianqian/project/FS/data/13JM+CAOV3+MNT1/19/17/cell_1763090224246_912349010008_10798_0000.png
4,9,1.6204826831817627,cell_1763090551022_912349010008_19256_0000.png,/home/wangqianqian/project/FS/data/13JM+CAOV3+MNT1/19/22/cell_1763090551022_912349010008_19256_0000.png
4,10,1.6297121047973633,cell_1763024634402_912349010008_1219_0000.png,/home/wangqianqian/project/FS/data/13JM+CAOV3+MNT1/01/03/cell_1763024634402_912349010008_1219_0000.png
4,11,1.6466223001480103,cell_1763023248606_912349010008_4465_0100.png,/home/wangqianqian/project/FS/data/13JM+CAOV3+MNT1/00/40/cell_1763023248606_912349010008_4465_0100.png
4,12,1.6592621803283691,cell_1763090051373_912349010008_4920_0000.png,/home/wangqianqian/project/FS/data/13JM+CAOV3+MNT1/19/14/cell_1763090051373_912349010008_4920_0000.png
4,13,1.660598635673523,cell_1763090233688_912349010008_11037_0000.png,/home/wangqianqian/project/FS/data/13JM+CAOV3+MNT1/19/17/cell_1763090233688_912349010008_11037_0000.png
4,14,1.7059392929077148,cell_1763090081576_912349010008_7062_0000.png,/home/wangqianqian/project/FS/data/13JM+CAOV3+MNT1/19/14/cell_1763090081576_912349010008_7062_0000.png
4,15,1.7075610160827637,cell_1763090599524_912349010008_20603_0000.png,/home/wangqianqian/project/FS/data/13JM+CAOV3+MNT1/19/23/cell_1763090599524_912349010008_20603_0000.png
4,16,1.7134793996810913,cell_1763090037983_912349010008_4611_0000.png,/home/wangqianqian/project/FS/data/13JM+CAOV3+MNT1/19/13/cell_1763090037983_912349010008_4611_0000.png
4,17,1.723211407661438,cell_1763026440619_912349010008_1074_0000.png,/home/wangqianqian/project/FS/data/13JM+CAOV3+MNT1/01/34/cell_1763026440619_912349010008_1074_0000.png
4,18,1.736350655555725,cell_1763090375424_912349010008_14508_0000.png,/home/wangqianqian/project/FS/data/13JM+CAOV3+MNT1/19/19/cell_1763090375424_912349010008_14508_0000.png
4,19,1.7454850673675537,cell_1763090468598_912349010008_16975_0000.png,/home/wangqianqian/project/FS/data/13JM+CAOV3+MNT1/19/21/cell_1763090468598_912349010008_16975_0000.png
4,20,1.7567734718322754,cell_1763090516265_912349010008_18201_0100.png,/home/wangqianqian/project/FS/data/13JM+CAOV3+MNT1/19/21/cell_1763090516265_912349010008_18201_0100.png
5,1,0.18406015634536743,cell_1763090241920_912349010008_11268_0100.png,/home/wangqianqian/project/FS/data/13JM+CAOV3+MNT1/19/17/cell_1763090241920_912349010008_11268_0100.png
5,2,0.19164910912513733,cell_1763022400407_912349010008_945_0000.png,/home/wangqianqian/project/FS/data/13JM+CAOV3+MNT1/00/26/cell_1763022400407_912349010008_945_0000.png
5,3,0.19900104403495789,cell_1763022385859_912349010008_898_0100.png,/home/wangqianqian/project/FS/data/13JM+CAOV3+MNT1/00/26/cell_1763022385859_912349010008_898_0100.png
5,4,0.20105645060539246,cell_1763022387879_912349010008_902_0100.png,/home/wangqianqian/project/FS/data/13JM+CAOV3+MNT1/00/26/cell_1763022387879_912349010008_902_0100.png
5,5,0.21193772554397583,cell_1763024876666_912349010008_2687_0000.png,/home/wangqianqian/project/FS/data/13JM+CAOV3+MNT1/01/07/cell_1763024876666_912349010008_2687_0000.png
5,6,0.2236725091934204,cell_1763023113493_912349010008_3817_0000.png,/home/wangqianqian/project/FS/data/13JM+CAOV3+MNT1/00/38/cell_1763023113493_912349010008_3817_0000.png
5,7,0.23472340404987335,cell_1763024931569_912349010008_3032_0000.png,/home/wangqianqian/project/FS/data/13JM+CAOV3+MNT1/01/08/cell_1763024931569_912349010008_3032_0000.png
5,8,0.23537170886993408,cell_1763090496518_912349010008_17753_0000.png,/home/wangqianqian/project/FS/data/13JM+CAOV3+MNT1/19/21/cell_1763090496518_912349010008_17753_0000.png
5,9,0.2557632625102997,cell_1763023143290_912349010008_3942_0000.png,/home/wangqianqian/project/FS/data/13JM+CAOV3+MNT1/00/39/cell_1763023143290_912349010008_3942_0000.png
5,10,0.26330089569091797,cell_1763022700862_912349010008_2062_0100.png,/home/wangqianqian/project/FS/data/13JM+CAOV3+MNT1/00/31/cell_1763022700862_912349010008_2062_0100.png
5,11,0.2752283215522766,cell_1763090021427_912349010008_4132_0100.png,/home/wangqianqian/project/FS/data/13JM+CAOV3+MNT1/19/13/cell_1763090021427_912349010008_4132_0100.png
5,12,0.28285080194473267,cell_1763024931569_912349010008_3032_0100.png,/home/wangqianqian/project/FS/data/13JM+CAOV3+MNT1/01/08/cell_1763024931569_912349010008_3032_0100.png
5,13,0.2963501513004303,cell_1763090514328_912349010008_18160_0000.png,/home/wangqianqian/project/FS/data/13JM+CAOV3+MNT1/19/21/cell_1763090514328_912349010008_18160_0000.png
5,14,0.3000774681568146,cell_1763022396703_912349010008_934_0100.png,/home/wangqianqian/project/FS/data/13JM+CAOV3+MNT1/00/26/cell_1763022396703_912349010008_934_0100.png
5,15,0.3009151220321655,cell_1763090128284_912349010008_8422_0000.png,/home/wangqianqian/project/FS/data/13JM+CAOV3+MNT1/19/15/cell_1763090128284_912349010008_8422_0000.png
5,16,0.3055173456668854,cell_1763025261986_912349010008_5215_0000.png,/home/wangqianqian/project/FS/data/13JM+CAOV3+MNT1/01/14/cell_1763025261986_912349010008_5215_0000.png
5,17,0.30657249689102173,cell_1763090266229_912349010008_11897_0000.png,/home/wangqianqian/project/FS/data/13JM+CAOV3+MNT1/19/17/cell_1763090266229_912349010008_11897_0000.png
5,18,0.307206392288208,cell_1763090165995_912349010008_9321_0000.png,/home/wangqianqian/project/FS/data/13JM+CAOV3+MNT1/19/16/cell_1763090165995_912349010008_9321_0000.png
5,19,0.31036537885665894,cell_1763090004523_912349010008_3458_0100.png,/home/wangqianqian/project/FS/data/13JM+CAOV3+MNT1/19/13/cell_1763090004523_912349010008_3458_0100.png
5,20,0.311590313911438,cell_1763090425776_912349010008_15965_0000.png,/home/wangqianqian/project/FS/data/13JM+CAOV3+MNT1/19/20/cell_1763090425776_912349010008_15965_0000.png
6,1,1.166344165802002,cell_1763090656460_912349010008_22287_0000.png,/home/wangqianqian/project/FS/data/13JM+CAOV3+MNT1/19/24/cell_1763090656460_912349010008_22287_0000.png
6,2,1.4698576927185059,cell_1763090014265_912349010008_3866_0000.png,/home/wangqianqian/project/FS/data/13JM+CAOV3+MNT1/19/13/cell_1763090014265_912349010008_3866_0000.png
6,3,1.4730582237243652,cell_1763090587375_912349010008_20264_0100.png,/home/wangqianqian/project/FS/data/13JM+CAOV3+MNT1/19/23/cell_1763090587375_912349010008_20264_0100.png
6,4,1.4745420217514038,cell_1763090407059_912349010008_15449_0000.png,/home/wangqianqian/project/FS/data/13JM+CAOV3+MNT1/19/20/cell_1763090407059_912349010008_15449_0000.png
6,5,1.4884320497512817,cell_1763090095810_912349010008_7429_0000.png,/home/wangqianqian/project/FS/data/13JM+CAOV3+MNT1/19/14/cell_1763090095810_912349010008_7429_0000.png
6,6,1.5008100271224976,cell_1763090321291_912349010008_13193_0100.png,/home/wangqianqian/project/FS/data/13JM+CAOV3+MNT1/19/18/cell_1763090321291_912349010008_13193_0100.png
6,7,1.5416728258132935,cell_1763090563988_912349010008_19658_0000.png,/home/wangqianqian/project/FS/data/13JM+CAOV3+MNT1/19/22/cell_1763090563988_912349010008_19658_0000.png
6,8,1.5809537172317505,cell_1763090575297_912349010008_19948_0000.png,/home/wangqianqian/project/FS/data/13JM+CAOV3+MNT1/19/22/cell_1763090575297_912349010008_19948_0000.png
6,9,1.5857807397842407,cell_1763090436310_912349010008_16178_0000.png,/home/wangqianqian/project/FS/data/13JM+CAOV3+MNT1/19/20/cell_1763090436310_912349010008_16178_0000.png
6,10,1.5939042568206787,cell_1763090553549_912349010008_19308_0000.png,/home/wangqianqian/project/FS/data/13JM+CAOV3+MNT1/19/22/cell_1763090553549_912349010008_19308_0000.png
6,11,1.6572037935256958,cell_1763090424413_912349010008_15915_0000.png,/home/wangqianqian/project/FS/data/13JM+CAOV3+MNT1/19/20/cell_1763090424413_912349010008_15915_0000.png
6,12,1.6585760116577148,cell_1763090042872_912349010008_4732_0000.png,/home/wangqianqian/project/FS/data/13JM+CAOV3+MNT1/19/14/cell_1763090042872_912349010008_4732_0000.png
6,13,1.6990798711776733,cell_1763090023284_912349010008_4211_0100.png,/home/wangqianqian/project/FS/data/13JM+CAOV3+MNT1/19/13/cell_1763090023284_912349010008_4211_0100.png
6,14,1.717355489730835,cell_1763090320863_912349010008_13184_0000.png,/home/wangqianqian/project/FS/data/13JM+CAOV3+MNT1/19/18/cell_1763090320863_912349010008_13184_0000.png
6,15,1.729355812072754,cell_1763090534273_912349010008_18682_0000.png,/home/wangqianqian/project/FS/data/13JM+CAOV3+MNT1/19/22/cell_1763090534273_912349010008_18682_0000.png
6,16,1.7308577299118042,cell_1763090425278_912349010008_15944_0000.png,/home/wangqianqian/project/FS/data/13JM+CAOV3+MNT1/19/20/cell_1763090425278_912349010008_15944_0000.png
6,17,1.7452174425125122,cell_1763090370357_912349010008_14433_0000.png,/home/wangqianqian/project/FS/data/13JM+CAOV3+MNT1/19/19/cell_1763090370357_912349010008_14433_0000.png
6,18,1.7473818063735962,cell_1763090567895_912349010008_19766_0100.png,/home/wangqianqian/project/FS/data/13JM+CAOV3+MNT1/19/22/cell_1763090567895_912349010008_19766_0100.png
6,19,1.7707109451293945,cell_1763090578803_912349010008_20039_0000.png,/home/wangqianqian/project/FS/data/13JM+CAOV3+MNT1/19/22/cell_1763090578803_912349010008_20039_0000.png
6,20,1.7919657230377197,cell_1763090096843_912349010008_7460_0100.png,/home/wangqianqian/project/FS/data/13JM+CAOV3+MNT1/19/14/cell_1763090096843_912349010008_7460_0100.png
7,1,0.5896797180175781,cell_1763024687248_912349010008_1618_0100.png,/home/wangqianqian/project/FS/data/13JM+CAOV3+MNT1/01/04/cell_1763024687248_912349010008_1618_0100.png
7,2,0.721642017364502,cell_1763023098481_912349010008_3738_0100.png,/home/wangqianqian/project/FS/data/13JM+CAOV3+MNT1/00/38/cell_1763023098481_912349010008_3738_0100.png
7,3,0.8459614515304565,cell_1763023480649_912349010008_5516_0100.png,/home/wangqianqian/project/FS/data/13JM+CAOV3+MNT1/00/44/cell_1763023480649_912349010008_5516_0100.png
7,4,0.8652510046958923,cell_1763024637438_912349010008_1237_0000.png,/home/wangqianqian/project/FS/data/13JM+CAOV3+MNT1/01/03/cell_1763024637438_912349010008_1237_0000.png
7,5,0.9625791311264038,cell_1763025434835_912349010008_6498_0000.png,/home/wangqianqian/project/FS/data/13JM+CAOV3+MNT1/01/17/cell_1763025434835_912349010008_6498_0000.png
7,6,0.964029848575592,cell_1763023098481_912349010008_3738_0000.png,/home/wangqianqian/project/FS/data/13JM+CAOV3+MNT1/00/38/cell_1763023098481_912349010008_3738_0000.png
7,7,1.0052130222320557,cell_1763024774959_912349010008_2118_0100.png,/home/wangqianqian/project/FS/data/13JM+CAOV3+MNT1/01/06/cell_1763024774959_912349010008_2118_0100.png
7,8,1.011925458908081,cell_1763023243185_912349010008_4442_0000.png,/home/wangqianqian/project/FS/data/13JM+CAOV3+MNT1/00/40/cell_1763023243185_912349010008_4442_0000.png
7,9,1.0119432210922241,cell_1763090036724_912349010008_4580_0000.png,/home/wangqianqian/project/FS/data/13JM+CAOV3+MNT1/19/13/cell_1763090036724_912349010008_4580_0000.png
7,10,1.0295952558517456,cell_1763023303833_912349010008_4664_0000.png,/home/wangqianqian/project/FS/data/13JM+CAOV3+MNT1/00/41/cell_1763023303833_912349010008_4664_0000.png
7,11,1.039270043373108,cell_1763023665378_912349010008_6476_0100.png,/home/wangqianqian/project/FS/data/13JM+CAOV3+MNT1/00/47/cell_1763023665378_912349010008_6476_0100.png
7,12,1.057541847229004,cell_1763090458275_912349010008_16624_0000.png,/home/wangqianqian/project/FS/data/13JM+CAOV3+MNT1/19/20/cell_1763090458275_912349010008_16624_0000.png
7,13,1.0673710107803345,cell_1763023713300_912349010008_6832_0000.png,/home/wangqianqian/project/FS/data/13JM+CAOV3+MNT1/00/48/cell_1763023713300_912349010008_6832_0000.png
7,14,1.0676958560943604,cell_1763025051707_912349010008_3744_0100.png,/home/wangqianqian/project/FS/data/13JM+CAOV3+MNT1/01/10/cell_1763025051707_912349010008_3744_0100.png
7,15,1.071169376373291,cell_1763023067087_912349010008_3580_0000.png,/home/wangqianqian/project/FS/data/13JM+CAOV3+MNT1/00/37/cell_1763023067087_912349010008_3580_0000.png
7,16,1.1429435014724731,cell_1763023313737_912349010008_4703_0000.png,/home/wangqianqian/project/FS/data/13JM+CAOV3+MNT1/00/41/cell_1763023313737_912349010008_4703_0000.png
7,17,1.1431853771209717,cell_1763023632411_912349010008_6227_0100.png,/home/wangqianqian/project/FS/data/13JM+CAOV3+MNT1/00/47/cell_1763023632411_912349010008_6227_0100.png
7,18,1.171370267868042,cell_1763025384982_912349010008_6046_0000.png,/home/wangqianqian/project/FS/data/13JM+CAOV3+MNT1/01/16/cell_1763025384982_912349010008_6046_0000.png
7,19,1.2235941886901855,cell_1763090056842_912349010008_5654_0000.png,/home/wangqianqian/project/FS/data/13JM+CAOV3+MNT1/19/14/cell_1763090056842_912349010008_5654_0000.png
7,20,1.2361103296279907,cell_1763023653691_912349010008_6396_0000.png,/home/wangqianqian/project/FS/data/13JM+CAOV3+MNT1/00/47/cell_1763023653691_912349010008_6396_0000.png
8,1,0.09470129013061523,cell_1763025239730_912349010008_5029_0000.png,/home/wangqianqian/project/FS/data/13JM+CAOV3+MNT1/01/13/cell_1763025239730_912349010008_5029_0000.png
8,2,0.09817326813936234,cell_1763026340737_912349010008_606_0000.png,/home/wangqianqian/project/FS/data/13JM+CAOV3+MNT1/01/32/cell_1763026340737_912349010008_606_0000.png
8,3,0.09896310418844223,cell_1763025163273_912349010008_4438_0100.png,/home/wangqianqian/project/FS/data/13JM+CAOV3+MNT1/01/12/cell_1763025163273_912349010008_4438_0100.png
8,4,0.11613056808710098,cell_1763024869199_912349010008_2630_0000.png,/home/wangqianqian/project/FS/data/13JM+CAOV3+MNT1/01/07/cell_1763024869199_912349010008_2630_0000.png
8,5,0.11623100191354752,cell_1763023294956_912349010008_4629_0000.png,/home/wangqianqian/project/FS/data/13JM+CAOV3+MNT1/00/41/cell_1763023294956_912349010008_4629_0000.png
8,6,0.11701889336109161,cell_1763024748699_912349010008_1967_0100.png,/home/wangqianqian/project/FS/data/13JM+CAOV3+MNT1/01/05/cell_1763024748699_912349010008_1967_0100.png
8,7,0.11705789715051651,cell_1763025055593_912349010008_3769_0000.png,/home/wangqianqian/project/FS/data/13JM+CAOV3+MNT1/01/10/cell_1763025055593_912349010008_3769_0000.png
8,8,0.11739037930965424,cell_1763023680745_912349010008_6581_0100.png,/home/wangqianqian/project/FS/data/13JM+CAOV3+MNT1/00/48/cell_1763023680745_912349010008_6581_0100.png
8,9,0.11882337927818298,cell_1763090315004_912349010008_13041_0100.png,/home/wangqianqian/project/FS/data/13JM+CAOV3+MNT1/19/18/cell_1763090315004_912349010008_13041_0100.png
8,10,0.11971649527549744,cell_1763023488270_912349010008_5552_0100.png,/home/wangqianqian/project/FS/data/13JM+CAOV3+MNT1/00/44/cell_1763023488270_912349010008_5552_0100.png
8,11,0.12015169858932495,cell_1763023229297_912349010008_4379_0100.png,/home/wangqianqian/project/FS/data/13JM+CAOV3+MNT1/00/40/cell_1763023229297_912349010008_4379_0100.png
8,12,0.12226355075836182,cell_1763023684614_912349010008_6604_0000.png,/home/wangqianqian/project/FS/data/13JM+CAOV3+MNT1/00/48/cell_1763023684614_912349010008_6604_0000.png
8,13,0.1247241348028183,cell_1763023860835_912349010008_7585_0100.png,/home/wangqianqian/project/FS/data/13JM+CAOV3+MNT1/00/51/cell_1763023860835_912349010008_7585_0100.png
8,14,0.1255187690258026,cell_1763025175054_912349010008_4505_0000.png,/home/wangqianqian/project/FS/data/13JM+CAOV3+MNT1/01/12/cell_1763025175054_912349010008_4505_0000.png
8,15,0.12641020119190216,cell_1763022997360_912349010008_3274_0000.png,/home/wangqianqian/project/FS/data/13JM+CAOV3+MNT1/00/36/cell_1763022997360_912349010008_3274_0000.png
8,16,0.12642133235931396,cell_1763090001164_912349010008_3324_0000.png,/home/wangqianqian/project/FS/data/13JM+CAOV3+MNT1/19/13/cell_1763090001164_912349010008_3324_0000.png
8,17,0.12724532186985016,cell_1763023079757_912349010008_3650_0100.png,/home/wangqianqian/project/FS/data/13JM+CAOV3+MNT1/00/37/cell_1763023079757_912349010008_3650_0100.png
8,18,0.1273757666349411,cell_1763090609685_912349010008_20946_0000.png,/home/wangqianqian/project/FS/data/13JM+CAOV3+MNT1/19/23/cell_1763090609685_912349010008_20946_0000.png
8,19,0.12757615745067596,cell_1763023860835_912349010008_7585_0000.png,/home/wangqianqian/project/FS/data/13JM+CAOV3+MNT1/00/51/cell_1763023860835_912349010008_7585_0000.png
8,20,0.12930503487586975,cell_1763023398425_912349010008_5084_0000.png,/home/wangqianqian/project/FS/data/13JM+CAOV3+MNT1/00/43/cell_1763023398425_912349010008_5084_0000.png
9,1,1.158392310142517,cell_1763090374014_912349010008_14492_0000.png,/home/wangqianqian/project/FS/data/13JM+CAOV3+MNT1/19/19/cell_1763090374014_912349010008_14492_0000.png
9,2,1.1936898231506348,cell_1763090404550_912349010008_15375_0000.png,/home/wangqianqian/project/FS/data/13JM+CAOV3+MNT1/19/20/cell_1763090404550_912349010008_15375_0000.png
9,3,1.3403797149658203,cell_1763090074328_912349010008_6911_0000.png,/home/wangqianqian/project/FS/data/13JM+CAOV3+MNT1/19/14/cell_1763090074328_912349010008_6911_0000.png
9,4,1.3719347715377808,cell_1763090499998_912349010008_17826_0000.png,/home/wangqianqian/project/FS/data/13JM+CAOV3+MNT1/19/21/cell_1763090499998_912349010008_17826_0000.png
9,5,1.384395956993103,cell_1763023816183_912349010008_7398_0100.png,/home/wangqianqian/project/FS/data/13JM+CAOV3+MNT1/00/50/cell_1763023816183_912349010008_7398_0100.png
9,6,1.420660376548767,cell_1763090053820_912349010008_4960_0000.png,/home/wangqianqian/project/FS/data/13JM+CAOV3+MNT1/19/14/cell_1763090053820_912349010008_4960_0000.png
9,7,1.4252322912216187,cell_1763090145142_912349010008_8866_0000.png,/home/wangqianqian/project/FS/data/13JM+CAOV3+MNT1/19/15/cell_1763090145142_912349010008_8866_0000.png
9,8,1.5156787633895874,cell_1763025258425_912349010008_5177_0100.png,/home/wangqianqian/project/FS/data/13JM+CAOV3+MNT1/01/14/cell_1763025258425_912349010008_5177_0100.png
9,9,1.5270040035247803,cell_1763090474571_912349010008_17142_0100.png,/home/wangqianqian/project/FS/data/13JM+CAOV3+MNT1/19/21/cell_1763090474571_912349010008_17142_0100.png
9,10,1.569859504699707,cell_1763090355107_912349010008_14119_0100.png,/home/wangqianqian/project/FS/data/13JM+CAOV3+MNT1/19/19/cell_1763090355107_912349010008_14119_0100.png
9,11,1.57968270778656,cell_1763090469417_912349010008_16996_0000.png,/home/wangqianqian/project/FS/data/13JM+CAOV3+MNT1/19/21/cell_1763090469417_912349010008_16996_0000.png
9,12,1.5971201658248901,cell_1763090543090_912349010008_19014_0000.png,/home/wangqianqian/project/FS/data/13JM+CAOV3+MNT1/19/22/cell_1763090543090_912349010008_19014_0000.png
9,13,1.618462324142456,cell_1763090268277_912349010008_11963_0100.png,/home/wangqianqian/project/FS/data/13JM+CAOV3+MNT1/19/17/cell_1763090268277_912349010008_11963_0100.png
9,14,1.6190046072006226,cell_1763090502470_912349010008_17900_0000.png,/home/wangqianqian/project/FS/data/13JM+CAOV3+MNT1/19/21/cell_1763090502470_912349010008_17900_0000.png
9,15,1.6307789087295532,cell_1763090098967_912349010008_7544_0100.png,/home/wangqianqian/project/FS/data/13JM+CAOV3+MNT1/19/14/cell_1763090098967_912349010008_7544_0100.png
9,16,1.6479640007019043,cell_1763090582638_912349010008_20145_0000.png,/home/wangqianqian/project/FS/data/13JM+CAOV3+MNT1/19/23/cell_1763090582638_912349010008_20145_0000.png
9,17,1.6491402387619019,cell_1763090387945_912349010008_14890_0000.png,/home/wangqianqian/project/FS/data/13JM+CAOV3+MNT1/19/19/cell_1763090387945_912349010008_14890_0000.png
9,18,1.6577720642089844,cell_1763090033777_912349010008_4505_0000.png,/home/wangqianqian/project/FS/data/13JM+CAOV3+MNT1/19/13/cell_1763090033777_912349010008_4505_0000.png
9,19,1.66793692111969,cell_1763090412036_912349010008_15598_0000.png,/home/wangqianqian/project/FS/data/13JM+CAOV3+MNT1/19/20/cell_1763090412036_912349010008_15598_0000.png
9,20,1.6860003471374512,cell_1763023678547_912349010008_6565_0100.png,/home/wangqianqian/project/FS/data/13JM+CAOV3+MNT1/00/47/cell_1763023678547_912349010008_6565_0100.png
10,1,0.11989299952983856,cell_1763024734625_912349010008_1904_0100.png,/home/wangqianqian/project/FS/data/13JM+CAOV3+MNT1/01/05/cell_1763024734625_912349010008_1904_0100.png
10,2,0.1280086189508438,cell_1763022628351_912349010008_1799_0000.png,/home/wangqianqian/project/FS/data/13JM+CAOV3+MNT1/00/30/cell_1763022628351_912349010008_1799_0000.png
10,3,0.13459481298923492,cell_1763023821439_912349010008_7421_0000.png,/home/wangqianqian/project/FS/data/13JM+CAOV3+MNT1/00/50/cell_1763023821439_912349010008_7421_0000.png
10,4,0.14294153451919556,cell_1763022532342_912349010008_1468_0000.png,/home/wangqianqian/project/FS/data/13JM+CAOV3+MNT1/00/28/cell_1763022532342_912349010008_1468_0000.png
10,5,0.1461590975522995,cell_1763090109191_912349010008_7828_0000.png,/home/wangqianqian/project/FS/data/13JM+CAOV3+MNT1/19/15/cell_1763090109191_912349010008_7828_0000.png
10,6,0.1501491814851761,cell_1763026452031_912349010008_1124_0000.png,/home/wangqianqian/project/FS/data/13JM+CAOV3+MNT1/01/34/cell_1763026452031_912349010008_1124_0000.png
10,7,0.15170054137706757,cell_1763090208277_912349010008_10444_0000.png,/home/wangqianqian/project/FS/data/13JM+CAOV3+MNT1/19/16/cell_1763090208277_912349010008_10444_0000.png
10,8,0.161957785487175,cell_1763024994551_912349010008_3386_0000.png,/home/wangqianqian/project/FS/data/13JM+CAOV3+MNT1/01/09/cell_1763024994551_912349010008_3386_0000.png
10,9,0.1660614162683487,cell_1763022538327_912349010008_1490_0000.png,/home/wangqianqian/project/FS/data/13JM+CAOV3+MNT1/00/28/cell_1763022538327_912349010008_1490_0000.png
10,10,0.17275093495845795,cell_1763022675360_912349010008_1977_0100.png,/home/wangqianqian/project/FS/data/13JM+CAOV3+MNT1/00/31/cell_1763022675360_912349010008_1977_0100.png
10,11,0.17330077290534973,cell_1763025075347_912349010008_3904_0000.png,/home/wangqianqian/project/FS/data/13JM+CAOV3+MNT1/01/11/cell_1763025075347_912349010008_3904_0000.png
10,12,0.17417354881763458,cell_1763026336836_912349010008_585_0100.png,/home/wangqianqian/project/FS/data/13JM+CAOV3+MNT1/01/32/cell_1763026336836_912349010008_585_0100.png
10,13,0.17893309891223907,cell_1763023774205_912349010008_7152_0100.png,/home/wangqianqian/project/FS/data/13JM+CAOV3+MNT1/00/49/cell_1763023774205_912349010008_7152_0100.png
10,14,0.18061934411525726,cell_1763025372457_912349010008_5991_0100.png,/home/wangqianqian/project/FS/data/13JM+CAOV3+MNT1/01/16/cell_1763025372457_912349010008_5991_0100.png
10,15,0.1808263510465622,cell_1763022827138_912349010008_2565_0100.png,/home/wangqianqian/project/FS/data/13JM+CAOV3+MNT1/00/33/cell_1763022827138_912349010008_2565_0100.png
10,16,0.18213336169719696,cell_1763022886423_912349010008_2801_0100.png,/home/wangqianqian/project/FS/data/13JM+CAOV3+MNT1/00/34/cell_1763022886423_912349010008_2801_0100.png
10,17,0.18213561177253723,cell_1763024786669_912349010008_2194_0100.png,/home/wangqianqian/project/FS/data/13JM+CAOV3+MNT1/01/06/cell_1763024786669_912349010008_2194_0100.png
10,18,0.1828264445066452,cell_1763024848400_912349010008_2524_0100.png,/home/wangqianqian/project/FS/data/13JM+CAOV3+MNT1/01/07/cell_1763024848400_912349010008_2524_0100.png
10,19,0.1846274584531784,cell_1763023447884_912349010008_5333_0100.png,/home/wangqianqian/project/FS/data/13JM+CAOV3+MNT1/00/44/cell_1763023447884_912349010008_5333_0100.png
10,20,0.18642550706863403,cell_1763090058644_912349010008_5859_0000.png,/home/wangqianqian/project/FS/data/13JM+CAOV3+MNT1/19/14/cell_1763090058644_912349010008_5859_0000.png
11,1,0.8041566610336304,cell_1763024668411_912349010008_1477_0000.png,/home/wangqianqian/project/FS/data/13JM+CAOV3+MNT1/01/04/cell_1763024668411_912349010008_1477_0000.png
11,2,0.8810126781463623,cell_1763022704602_912349010008_2070_0000.png,/home/wangqianqian/project/FS/data/13JM+CAOV3+MNT1/00/31/cell_1763022704602_912349010008_2070_0000.png
11,3,0.9408841729164124,cell_1763089994934_912349010008_3089_0000.png,/home/wangqianqian/project/FS/data/13JM+CAOV3+MNT1/19/13/cell_1763089994934_912349010008_3089_0000.png
11,4,1.0574002265930176,cell_1763023061210_912349010008_3548_0100.png,/home/wangqianqian/project/FS/data/13JM+CAOV3+MNT1/00/37/cell_1763023061210_912349010008_3548_0100.png
11,5,1.108774185180664,cell_1763022928521_912349010008_2964_0000.png,/home/wangqianqian/project/FS/data/13JM+CAOV3+MNT1/00/35/cell_1763022928521_912349010008_2964_0000.png
11,6,1.1550049781799316,cell_1763022970503_912349010008_3148_0100.png,/home/wangqianqian/project/FS/data/13JM+CAOV3+MNT1/00/36/cell_1763022970503_912349010008_3148_0100.png
11,7,1.1779547929763794,cell_1763022856266_912349010008_2695_0000.png,/home/wangqianqian/project/FS/data/13JM+CAOV3+MNT1/00/34/cell_1763022856266_912349010008_2695_0000.png
11,8,1.1943767070770264,cell_1763024742490_912349010008_1936_0000.png,/home/wangqianqian/project/FS/data/13JM+CAOV3+MNT1/01/05/cell_1763024742490_912349010008_1936_0000.png
11,9,1.3368102312088013,cell_1763023395913_912349010008_5067_0000.png,/home/wangqianqian/project/FS/data/13JM+CAOV3+MNT1/00/43/cell_1763023395913_912349010008_5067_0000.png
11,10,1.3694126605987549,cell_1763025078888_912349010008_3925_0000.png,/home/wangqianqian/project/FS/data/13JM+CAOV3+MNT1/01/11/cell_1763025078888_912349010008_3925_0000.png
11,11,1.3920592069625854,cell_1763025136623_912349010008_4245_0000.png,/home/wangqianqian/project/FS/data/13JM+CAOV3+MNT1/01/12/cell_1763025136623_912349010008_4245_0000.png
11,12,1.4127287864685059,cell_1763022856156_912349010008_2693_0000.png,/home/wangqianqian/project/FS/data/13JM+CAOV3+MNT1/00/34/cell_1763022856156_912349010008_2693_0000.png
11,13,1.4131646156311035,cell_1763025338929_912349010008_5749_0100.png,/home/wangqianqian/project/FS/data/13JM+CAOV3+MNT1/01/15/cell_1763025338929_912349010008_5749_0100.png
11,14,1.4146515130996704,cell_1763023054019_912349010008_3505_0100.png,/home/wangqianqian/project/FS/data/13JM+CAOV3+MNT1/00/37/cell_1763023054019_912349010008_3505_0100.png
11,15,1.4192049503326416,cell_1763024880125_912349010008_2716_0000.png,/home/wangqianqian/project/FS/data/13JM+CAOV3+MNT1/01/08/cell_1763024880125_912349010008_2716_0000.png
11,16,1.4240554571151733,cell_1763025191372_912349010008_4623_0000.png,/home/wangqianqian/project/FS/data/13JM+CAOV3+MNT1/01/13/cell_1763025191372_912349010008_4623_0000.png
11,17,1.4331713914871216,cell_1763023314838_912349010008_4709_0000.png,/home/wangqianqian/project/FS/data/13JM+CAOV3+MNT1/00/41/cell_1763023314838_912349010008_4709_0000.png
11,18,1.4350988864898682,cell_1763023683488_912349010008_6599_0000.png,/home/wangqianqian/project/FS/data/13JM+CAOV3+MNT1/00/48/cell_1763023683488_912349010008_6599_0000.png
11,19,1.4463105201721191,cell_1763022983106_912349010008_3200_0000.png,/home/wangqianqian/project/FS/data/13JM+CAOV3+MNT1/00/36/cell_1763022983106_912349010008_3200_0000.png
11,20,1.458216667175293,cell_1763023540180_912349010008_5816_0000.png,/home/wangqianqian/project/FS/data/13JM+CAOV3+MNT1/00/45/cell_1763023540180_912349010008_5816_0000.png
12,1,1.4213991165161133,cell_1763090538502_912349010008_18881_0100.png,/home/wangqianqian/project/FS/data/13JM+CAOV3+MNT1/19/22/cell_1763090538502_912349010008_18881_0100.png
12,2,1.466759204864502,cell_1763090609912_912349010008_20951_0000.png,/home/wangqianqian/project/FS/data/13JM+CAOV3+MNT1/19/23/cell_1763090609912_912349010008_20951_0000.png
12,3,1.4829808473587036,cell_1763090227828_912349010008_10885_0100.png,/home/wangqianqian/project/FS/data/13JM+CAOV3+MNT1/19/17/cell_1763090227828_912349010008_10885_0100.png
12,4,1.4929064512252808,cell_1763090425585_912349010008_15955_0100.png,/home/wangqianqian/project/FS/data/13JM+CAOV3+MNT1/19/20/cell_1763090425585_912349010008_15955_0100.png
12,5,1.5056079626083374,cell_1763090184655_912349010008_9758_0100.png,/home/wangqianqian/project/FS/data/13JM+CAOV3+MNT1/19/16/cell_1763090184655_912349010008_9758_0100.png
12,6,1.5128933191299438,cell_1763090591545_912349010008_20377_0000.png,/home/wangqianqian/project/FS/data/13JM+CAOV3+MNT1/19/23/cell_1763090591545_912349010008_20377_0000.png
12,7,1.5154081583023071,cell_1763090008074_912349010008_3620_0100.png,/home/wangqianqian/project/FS/data/13JM+CAOV3+MNT1/19/13/cell_1763090008074_912349010008_3620_0100.png
12,8,1.5190292596817017,cell_1763090451502_912349010008_16448_0000.png,/home/wangqianqian/project/FS/data/13JM+CAOV3+MNT1/19/20/cell_1763090451502_912349010008_16448_0000.png
12,9,1.5287293195724487,cell_1763090621188_912349010008_21348_0000.png,/home/wangqianqian/project/FS/data/13JM+CAOV3+MNT1/19/23/cell_1763090621188_912349010008_21348_0000.png
12,10,1.539952278137207,cell_1763090236369_912349010008_11101_0000.png,/home/wangqianqian/project/FS/data/13JM+CAOV3+MNT1/19/17/cell_1763090236369_912349010008_11101_0000.png
12,11,1.5433136224746704,cell_1763090538156_912349010008_18869_0100.png,/home/wangqianqian/project/FS/data/13JM+CAOV3+MNT1/19/22/cell_1763090538156_912349010008_18869_0100.png
12,12,1.5462133884429932,cell_1763090664927_912349010008_22581_0100.png,/home/wangqianqian/project/FS/data/13JM+CAOV3+MNT1/19/24/cell_1763090664927_912349010008_22581_0100.png
12,13,1.5846682786941528,cell_1763023146660_912349010008_3961_0100.png,/home/wangqianqian/project/FS/data/13JM+CAOV3+MNT1/00/39/cell_1763023146660_912349010008_3961_0100.png
12,14,1.597711205482483,cell_1763090472454_912349010008_17082_0100.png,/home/wangqianqian/project/FS/data/13JM+CAOV3+MNT1/19/21/cell_1763090472454_912349010008_17082_0100.png
12,15,1.6203519105911255,cell_1763090047755_912349010008_4830_0000.png,/home/wangqianqian/project/FS/data/13JM+CAOV3+MNT1/19/14/cell_1763090047755_912349010008_4830_0000.png
12,16,1.6343587636947632,cell_1763090534946_912349010008_18737_0000.png,/home/wangqianqian/project/FS/data/13JM+CAOV3+MNT1/19/22/cell_1763090534946_912349010008_18737_0000.png
12,17,1.645723819732666,cell_1763090651610_912349010008_22124_0100.png,/home/wangqianqian/project/FS/data/13JM+CAOV3+MNT1/19/24/cell_1763090651610_912349010008_22124_0100.png
12,18,1.6575927734375,cell_1763090625397_912349010008_21471_0000.png,/home/wangqianqian/project/FS/data/13JM+CAOV3+MNT1/19/23/cell_1763090625397_912349010008_21471_0000.png
12,19,1.6628878116607666,cell_1763090218870_912349010008_10683_0100.png,/home/wangqianqian/project/FS/data/13JM+CAOV3+MNT1/19/16/cell_1763090218870_912349010008_10683_0100.png
12,20,1.6702698469161987,cell_1763090056665_912349010008_5570_0000.png,/home/wangqianqian/project/FS/data/13JM+CAOV3+MNT1/19/14/cell_1763090056665_912349010008_5570_0000.png
13,1,0.2791900336742401,cell_1763023516903_912349010008_5691_0000.png,/home/wangqianqian/project/FS/data/13JM+CAOV3+MNT1/00/45/cell_1763023516903_912349010008_5691_0000.png
13,2,0.45576679706573486,cell_1763025240998_912349010008_5045_0000.png,/home/wangqianqian/project/FS/data/13JM+CAOV3+MNT1/01/14/cell_1763025240998_912349010008_5045_0000.png
13,3,0.4936547577381134,cell_1763090064354_912349010008_6458_0100.png,/home/wangqianqian/project/FS/data/13JM+CAOV3+MNT1/19/14/cell_1763090064354_912349010008_6458_0100.png
13,4,0.5445055365562439,cell_1763025223917_912349010008_4861_0000.png,/home/wangqianqian/project/FS/data/13JM+CAOV3+MNT1/01/13/cell_1763025223917_912349010008_4861_0000.png
13,5,0.5714032649993896,cell_1763090064354_912349010008_6458_0000.png,/home/wangqianqian/project/FS/data/13JM+CAOV3+MNT1/19/14/cell_1763090064354_912349010008_6458_0000.png
13,6,0.6348522901535034,cell_1763022570033_912349010008_1580_0100.png,/home/wangqianqian/project/FS/data/13JM+CAOV3+MNT1/00/29/cell_1763022570033_912349010008_1580_0100.png
13,7,0.6687635779380798,cell_1763090092386_912349010008_7334_0100.png,/home/wangqianqian/project/FS/data/13JM+CAOV3+MNT1/19/14/cell_1763090092386_912349010008_7334_0100.png
13,8,0.69060879945755,cell_1763090304651_912349010008_12735_0000.png,/home/wangqianqian/project/FS/data/13JM+CAOV3+MNT1/19/18/cell_1763090304651_912349010008_12735_0000.png
13,9,0.707686722278595,cell_1763025344273_912349010008_5790_0100.png,/home/wangqianqian/project/FS/data/13JM+CAOV3+MNT1/01/15/cell_1763025344273_912349010008_5790_0100.png
13,10,0.7227145433425903,cell_1763023419235_912349010008_5162_0000.png,/home/wangqianqian/project/FS/data/13JM+CAOV3+MNT1/00/43/cell_1763023419235_912349010008_5162_0000.png
13,11,0.7275687456130981,cell_1763022570033_912349010008_1580_0000.png,/home/wangqianqian/project/FS/data/13JM+CAOV3+MNT1/00/29/cell_1763022570033_912349010008_1580_0000.png
13,12,0.7310540080070496,cell_1763022832128_912349010008_2593_0000.png,/home/wangqianqian/project/FS/data/13JM+CAOV3+MNT1/00/33/cell_1763022832128_912349010008_2593_0000.png
13,13,0.7554524540901184,cell_1763025288166_912349010008_5410_0100.png,/home/wangqianqian/project/FS/data/13JM+CAOV3+MNT1/01/14/cell_1763025288166_912349010008_5410_0100.png
13,14,0.793175995349884,cell_1763090304651_912349010008_12735_0100.png,/home/wangqianqian/project/FS/data/13JM+CAOV3+MNT1/19/18/cell_1763090304651_912349010008_12735_0100.png
13,15,0.8001617193222046,cell_1763023726785_912349010008_6906_0000.png,/home/wangqianqian/project/FS/data/13JM+CAOV3+MNT1/00/48/cell_1763023726785_912349010008_6906_0000.png
13,16,0.8085645437240601,cell_1763022945952_912349010008_3054_0100.png,/home/wangqianqian/project/FS/data/13JM+CAOV3+MNT1/00/35/cell_1763022945952_912349010008_3054_0100.png
13,17,0.8096398711204529,cell_1763025344273_912349010008_5790_0000.png,/home/wangqianqian/project/FS/data/13JM+CAOV3+MNT1/01/15/cell_1763025344273_912349010008_5790_0000.png
13,18,0.8332425951957703,cell_1763022656357_912349010008_1905_0000.png,/home/wangqianqian/project/FS/data/13JM+CAOV3+MNT1/00/30/cell_1763022656357_912349010008_1905_0000.png
13,19,0.8394380211830139,cell_1763090092386_912349010008_7334_0000.png,/home/wangqianqian/project/FS/data/13JM+CAOV3+MNT1/19/14/cell_1763090092386_912349010008_7334_0000.png
13,20,0.8503948450088501,cell_1763025227057_912349010008_4951_0100.png,/home/wangqianqian/project/FS/data/13JM+CAOV3+MNT1/01/13/cell_1763025227057_912349010008_4951_0100.png
14,1,1.2552576065063477,cell_1763090143835_912349010008_8814_0100.png,/home/wangqianqian/project/FS/data/13JM+CAOV3+MNT1/19/15/cell_1763090143835_912349010008_8814_0100.png
14,2,1.3229013681411743,cell_1763090625158_912349010008_21464_0000.png,/home/wangqianqian/project/FS/data/13JM+CAOV3+MNT1/19/23/cell_1763090625158_912349010008_21464_0000.png
14,3,1.3483247756958008,cell_1763023213916_912349010008_4307_0000.png,/home/wangqianqian/project/FS/data/13JM+CAOV3+MNT1/00/40/cell_1763023213916_912349010008_4307_0000.png
14,4,1.4203544855117798,cell_1763090390461_912349010008_14973_0000.png,/home/wangqianqian/project/FS/data/13JM+CAOV3+MNT1/19/19/cell_1763090390461_912349010008_14973_0000.png
14,5,1.424865961074829,cell_1763025157057_912349010008_4407_0000.png,/home/wangqianqian/project/FS/data/13JM+CAOV3+MNT1/01/12/cell_1763025157057_912349010008_4407_0000.png
14,6,1.4298168420791626,cell_1763022869648_912349010008_2744_0000.png,/home/wangqianqian/project/FS/data/13JM+CAOV3+MNT1/00/34/cell_1763022869648_912349010008_2744_0000.png
14,7,1.4315911531448364,cell_1763024590155_912349010008_822_0000.png,/home/wangqianqian/project/FS/data/13JM+CAOV3+MNT1/01/03/cell_1763024590155_912349010008_822_0000.png
14,8,1.4737849235534668,cell_1763023049538_912349010008_3484_0100.png,/home/wangqianqian/project/FS/data/13JM+CAOV3+MNT1/00/37/cell_1763023049538_912349010008_3484_0100.png
14,9,1.4963932037353516,cell_1763022453748_912349010008_1220_0100.png,/home/wangqianqian/project/FS/data/13JM+CAOV3+MNT1/00/27/cell_1763022453748_912349010008_1220_0100.png
14,10,1.5085647106170654,cell_1763089973628_912349010008_2678_0000.png,/home/wangqianqian/project/FS/data/13JM+CAOV3+MNT1/19/12/cell_1763089973628_912349010008_2678_0000.png
14,11,1.520040512084961,cell_1763024670141_912349010008_1487_0000.png,/home/wangqianqian/project/FS/data/13JM+CAOV3+MNT1/01/04/cell_1763024670141_912349010008_1487_0000.png
14,12,1.5216422080993652,cell_1763022809259_912349010008_2484_0000.png,/home/wangqianqian/project/FS/data/13JM+CAOV3+MNT1/00/33/cell_1763022809259_912349010008_2484_0000.png
14,13,1.5418754816055298,cell_1763023812736_912349010008_7380_0100.png,/home/wangqianqian/project/FS/data/13JM+CAOV3+MNT1/00/50/cell_1763023812736_912349010008_7380_0100.png
14,14,1.5537980794906616,cell_1763090189475_912349010008_9904_0000.png,/home/wangqianqian/project/FS/data/13JM+CAOV3+MNT1/19/16/cell_1763090189475_912349010008_9904_0000.png
14,15,1.557729721069336,cell_1763090206040_912349010008_10375_0000.png,/home/wangqianqian/project/FS/data/13JM+CAOV3+MNT1/19/16/cell_1763090206040_912349010008_10375_0000.png
14,16,1.5642350912094116,cell_1763024652564_912349010008_1376_0000.png,/home/wangqianqian/project/FS/data/13JM+CAOV3+MNT1/01/04/cell_1763024652564_912349010008_1376_0000.png
14,17,1.5663676261901855,cell_1763090562730_912349010008_19608_0000.png,/home/wangqianqian/project/FS/data/13JM+CAOV3+MNT1/19/22/cell_1763090562730_912349010008_19608_0000.png
14,18,1.5743207931518555,cell_1763023570574_912349010008_5950_0000.png,/home/wangqianqian/project/FS/data/13JM+CAOV3+MNT1/00/46/cell_1763023570574_912349010008_5950_0000.png
14,19,1.5760289430618286,cell_1763023803561_912349010008_7322_0000.png,/home/wangqianqian/project/FS/data/13JM+CAOV3+MNT1/00/50/cell_1763023803561_912349010008_7322_0000.png
14,20,1.5968976020812988,cell_1763023005250_912349010008_3296_0000.png,/home/wangqianqian/project/FS/data/13JM+CAOV3+MNT1/00/36/cell_1763023005250_912349010008_3296_0000.png
15,1,1.6452542543411255,cell_1763090475377_912349010008_17167_0000.png,/home/wangqianqian/project/FS/data/13JM+CAOV3+MNT1/19/21/cell_1763090475377_912349010008_17167_0000.png
15,2,1.680091381072998,cell_1763089990488_912349010008_2988_0100.png,/home/wangqianqian/project/FS/data/13JM+CAOV3+MNT1/19/13/cell_1763089990488_912349010008_2988_0100.png
15,3,1.7159805297851562,cell_1763090055093_912349010008_5025_0100.png,/home/wangqianqian/project/FS/data/13JM+CAOV3+MNT1/19/14/cell_1763090055093_912349010008_5025_0100.png
15,4,1.7391592264175415,cell_1763090534643_912349010008_18708_0100.png,/home/wangqianqian/project/FS/data/13JM+CAOV3+MNT1/19/22/cell_1763090534643_912349010008_18708_0100.png
15,5,1.8169598579406738,cell_1763090584862_912349010008_20204_0000.png,/home/wangqianqian/project/FS/data/13JM+CAOV3+MNT1/19/23/cell_1763090584862_912349010008_20204_0000.png
15,6,1.8532702922821045,cell_1763090107881_912349010008_7798_0100.png,/home/wangqianqian/project/FS/data/13JM+CAOV3+MNT1/19/15/cell_1763090107881_912349010008_7798_0100.png
15,7,1.8704687356948853,cell_1763090516744_912349010008_18211_0000.png,/home/wangqianqian/project/FS/data/13JM+CAOV3+MNT1/19/21/cell_1763090516744_912349010008_18211_0000.png
15,8,1.9022318124771118,cell_1763090468455_912349010008_16969_0000.png,/home/wangqianqian/project/FS/data/13JM+CAOV3+MNT1/19/21/cell_1763090468455_912349010008_16969_0000.png
15,9,1.9247422218322754,cell_1763090417661_912349010008_15750_0100.png,/home/wangqianqian/project/FS/data/13JM+CAOV3+MNT1/19/20/cell_1763090417661_912349010008_15750_0100.png
15,10,1.963921308517456,cell_1763090096964_912349010008_7462_0000.png,/home/wangqianqian/project/FS/data/13JM+CAOV3+MNT1/19/14/cell_1763090096964_912349010008_7462_0000.png
15,11,1.9757072925567627,cell_1763090610909_912349010008_20980_0100.png,/home/wangqianqian/project/FS/data/13JM+CAOV3+MNT1/19/23/cell_1763090610909_912349010008_20980_0100.png
15,12,1.9821317195892334,cell_1763090223827_912349010008_10783_0000.png,/home/wangqianqian/project/FS/data/13JM+CAOV3+MNT1/19/17/cell_1763090223827_912349010008_10783_0000.png
15,13,2.0008809566497803,cell_1763090067990_912349010008_6697_0100.png,/home/wangqianqian/project/FS/data/13JM+CAOV3+MNT1/19/14/cell_1763090067990_912349010008_6697_0100.png
15,14,2.0026702880859375,cell_1763090054115_912349010008_4966_0000.png,/home/wangqianqian/project/FS/data/13JM+CAOV3+MNT1/19/14/cell_1763090054115_912349010008_4966_0000.png
15,15,2.007258176803589,cell_1763090585480_912349010008_20217_0100.png,/home/wangqianqian/project/FS/data/13JM+CAOV3+MNT1/19/23/cell_1763090585480_912349010008_20217_0100.png
15,16,2.013298988342285,cell_1763090311992_912349010008_12940_0100.png,/home/wangqianqian/project/FS/data/13JM+CAOV3+MNT1/19/18/cell_1763090311992_912349010008_12940_0100.png
15,17,2.0226030349731445,cell_1763090353495_912349010008_14091_0000.png,/home/wangqianqian/project/FS/data/13JM+CAOV3+MNT1/19/19/cell_1763090353495_912349010008_14091_0000.png
15,18,2.0257556438446045,cell_1763090419469_912349010008_15789_0000.png,/home/wangqianqian/project/FS/data/13JM+CAOV3+MNT1/19/20/cell_1763090419469_912349010008_15789_0000.png
15,19,2.033869504928589,cell_1763089990488_912349010008_2988_0000.png,/home/wangqianqian/project/FS/data/13JM+CAOV3+MNT1/19/13/cell_1763089990488_912349010008_2988_0000.png
15,20,2.0544307231903076,cell_1763090022717_912349010008_4188_0000.png,/home/wangqianqian/project/FS/data/13JM+CAOV3+MNT1/19/13/cell_1763090022717_912349010008_4188_0000.png
16,1,1.2679928541183472,cell_1763090324020_912349010008_13237_0100.png,/home/wangqianqian/project/FS/data/13JM+CAOV3+MNT1/19/18/cell_1763090324020_912349010008_13237_0100.png
16,2,1.2996180057525635,cell_1763090361646_912349010008_14254_0000.png,/home/wangqianqian/project/FS/data/13JM+CAOV3+MNT1/19/19/cell_1763090361646_912349010008_14254_0000.png
16,3,1.473845362663269,cell_1763090453355_912349010008_16501_0000.png,/home/wangqianqian/project/FS/data/13JM+CAOV3+MNT1/19/20/cell_1763090453355_912349010008_16501_0000.png
16,4,1.5399940013885498,cell_1763090081393_912349010008_7055_0000.png,/home/wangqianqian/project/FS/data/13JM+CAOV3+MNT1/19/14/cell_1763090081393_912349010008_7055_0000.png
16,5,1.5563743114471436,cell_1763090626584_912349010008_21506_0000.png,/home/wangqianqian/project/FS/data/13JM+CAOV3+MNT1/19/23/cell_1763090626584_912349010008_21506_0000.png
16,6,1.5820293426513672,cell_1763090319017_912349010008_13142_0100.png,/home/wangqianqian/project/FS/data/13JM+CAOV3+MNT1/19/18/cell_1763090319017_912349010008_13142_0100.png
16,7,1.594230055809021,cell_1763090055927_912349010008_5290_0000.png,/home/wangqianqian/project/FS/data/13JM+CAOV3+MNT1/19/14/cell_1763090055927_912349010008_5290_0000.png
16,8,1.61623215675354,cell_1763090484178_912349010008_17448_0100.png,/home/wangqianqian/project/FS/data/13JM+CAOV3+MNT1/19/21/cell_1763090484178_912349010008_17448_0100.png
16,9,1.6311662197113037,cell_1763090232707_912349010008_11012_0000.png,/home/wangqianqian/project/FS/data/13JM+CAOV3+MNT1/19/17/cell_1763090232707_912349010008_11012_0000.png
16,10,1.643396019935608,cell_1763090123072_912349010008_8255_0100.png,/home/wangqianqian/project/FS/data/13JM+CAOV3+MNT1/19/15/cell_1763090123072_912349010008_8255_0100.png
16,11,1.6569643020629883,cell_1763090417169_912349010008_15740_0000.png,/home/wangqianqian/project/FS/data/13JM+CAOV3+MNT1/19/20/cell_1763090417169_912349010008_15740_0000.png
16,12,1.6775940656661987,cell_1763090412619_912349010008_15609_0100.png,/home/wangqianqian/project/FS/data/13JM+CAOV3+MNT1/19/20/cell_1763090412619_912349010008_15609_0100.png
16,13,1.7030166387557983,cell_1763090393489_912349010008_15073_0100.png,/home/wangqianqian/project/FS/data/13JM+CAOV3+MNT1/19/19/cell_1763090393489_912349010008_15073_0100.png
16,14,1.766249656677246,cell_1763090467172_912349010008_16938_0000.png,/home/wangqianqian/project/FS/data/13JM+CAOV3+MNT1/19/21/cell_1763090467172_912349010008_16938_0000.png
16,15,1.7982196807861328,cell_1763090518541_912349010008_18255_0000.png,/home/wangqianqian/project/FS/data/13JM+CAOV3+MNT1/19/21/cell_1763090518541_912349010008_18255_0000.png
16,16,1.8090423345565796,cell_1763090553755_912349010008_19324_0000.png,/home/wangqianqian/project/FS/data/13JM+CAOV3+MNT1/19/22/cell_1763090553755_912349010008_19324_0000.png
16,17,1.8284962177276611,cell_1763024965411_912349010008_3213_0000.png,/home/wangqianqian/project/FS/data/13JM+CAOV3+MNT1/01/09/cell_1763024965411_912349010008_3213_0000.png
16,18,1.831195592880249,cell_1763090659787_912349010008_22407_0100.png,/home/wangqianqian/project/FS/data/13JM+CAOV3+MNT1/19/24/cell_1763090659787_912349010008_22407_0100.png
16,19,1.8328157663345337,cell_1763090416630_912349010008_15736_0000.png,/home/wangqianqian/project/FS/data/13JM+CAOV3+MNT1/19/20/cell_1763090416630_912349010008_15736_0000.png
16,20,1.8403369188308716,cell_1763090637840_912349010008_21784_0000.png,/home/wangqianqian/project/FS/data/13JM+CAOV3+MNT1/19/23/cell_1763090637840_912349010008_21784_0000.png
17,1,0.6568771004676819,cell_1763022401918_912349010008_956_0000.png,/home/wangqianqian/project/FS/data/13JM+CAOV3+MNT1/00/26/cell_1763022401918_912349010008_956_0000.png
17,2,0.8175690770149231,cell_1763023398381_912349010008_5083_0000.png,/home/wangqianqian/project/FS/data/13JM+CAOV3+MNT1/00/43/cell_1763023398381_912349010008_5083_0000.png
17,3,0.8368972539901733,cell_1763024885360_912349010008_2749_0100.png,/home/wangqianqian/project/FS/data/13JM+CAOV3+MNT1/01/08/cell_1763024885360_912349010008_2749_0100.png
17,4,0.9360935091972351,cell_1763026482568_912349010008_1244_0100.png,/home/wangqianqian/project/FS/data/13JM+CAOV3+MNT1/01/34/cell_1763026482568_912349010008_1244_0100.png
17,5,0.9742475152015686,cell_1763025294335_912349010008_5448_0000.png,/home/wangqianqian/project/FS/data/13JM+CAOV3+MNT1/01/14/cell_1763025294335_912349010008_5448_0000.png
17,6,0.9832704663276672,cell_1763023625768_912349010008_6187_0000.png,/home/wangqianqian/project/FS/data/13JM+CAOV3+MNT1/00/47/cell_1763023625768_912349010008_6187_0000.png
17,7,0.9945769906044006,cell_1763023657044_912349010008_6421_0000.png,/home/wangqianqian/project/FS/data/13JM+CAOV3+MNT1/00/47/cell_1763023657044_912349010008_6421_0000.png
17,8,1.0166821479797363,cell_1763090148359_912349010008_8951_0000.png,/home/wangqianqian/project/FS/data/13JM+CAOV3+MNT1/19/15/cell_1763090148359_912349010008_8951_0000.png
17,9,1.0955548286437988,cell_1763025235514_912349010008_5000_0000.png,/home/wangqianqian/project/FS/data/13JM+CAOV3+MNT1/01/13/cell_1763025235514_912349010008_5000_0000.png
17,10,1.130208969116211,cell_1763023827801_912349010008_7451_0000.png,/home/wangqianqian/project/FS/data/13JM+CAOV3+MNT1/00/50/cell_1763023827801_912349010008_7451_0000.png
17,11,1.1409682035446167,cell_1763090407792_912349010008_15471_0100.png,/home/wangqianqian/project/FS/data/13JM+CAOV3+MNT1/19/20/cell_1763090407792_912349010008_15471_0100.png
17,12,1.141357183456421,cell_1763023065467_912349010008_3576_0000.png,/home/wangqianqian/project/FS/data/13JM+CAOV3+MNT1/00/37/cell_1763023065467_912349010008_3576_0000.png
17,13,1.1655778884887695,cell_1763024917581_912349010008_2949_0100.png,/home/wangqianqian/project/FS/data/13JM+CAOV3+MNT1/01/08/cell_1763024917581_912349010008_2949_0100.png
17,14,1.2084592580795288,cell_1763022624077_912349010008_1784_0100.png,/home/wangqianqian/project/FS/data/13JM+CAOV3+MNT1/00/30/cell_1763022624077_912349010008_1784_0100.png
17,15,1.224454402923584,cell_1763025369856_912349010008_5978_0000.png,/home/wangqianqian/project/FS/data/13JM+CAOV3+MNT1/01/16/cell_1763025369856_912349010008_5978_0000.png
17,16,1.2366420030593872,cell_1763022801349_912349010008_2452_0000.png,/home/wangqianqian/project/FS/data/13JM+CAOV3+MNT1/00/33/cell_1763022801349_912349010008_2452_0000.png
17,17,1.2419030666351318,cell_1763026374784_912349010008_747_0000.png,/home/wangqianqian/project/FS/data/13JM+CAOV3+MNT1/01/32/cell_1763026374784_912349010008_747_0000.png
17,18,1.245009422302246,cell_1763090436648_912349010008_16186_0100.png,/home/wangqianqian/project/FS/data/13JM+CAOV3+MNT1/19/20/cell_1763090436648_912349010008_16186_0100.png
17,19,1.2518806457519531,cell_1763025133664_912349010008_4220_0000.png,/home/wangqianqian/project/FS/data/13JM+CAOV3+MNT1/01/12/cell_1763025133664_912349010008_4220_0000.png
17,20,1.2578693628311157,cell_1763025270676_912349010008_5292_0100.png,/home/wangqianqian/project/FS/data/13JM+CAOV3+MNT1/01/14/cell_1763025270676_912349010008_5292_0100.png
18,1,1.4288915395736694,cell_1763090247430_912349010008_11406_0000.png,/home/wangqianqian/project/FS/data/13JM+CAOV3+MNT1/19/17/cell_1763090247430_912349010008_11406_0000.png
18,2,1.4450281858444214,cell_1763023520211_912349010008_5706_0000.png,/home/wangqianqian/project/FS/data/13JM+CAOV3+MNT1/00/45/cell_1763023520211_912349010008_5706_0000.png
18,3,1.4578418731689453,cell_1763090403101_912349010008_15338_0000.png,/home/wangqianqian/project/FS/data/13JM+CAOV3+MNT1/19/20/cell_1763090403101_912349010008_15338_0000.png
18,4,1.5567078590393066,cell_1763090356039_912349010008_14144_0100.png,/home/wangqianqian/project/FS/data/13JM+CAOV3+MNT1/19/19/cell_1763090356039_912349010008_14144_0100.png
18,5,1.583747386932373,cell_1763090170771_912349010008_9419_0100.png,/home/wangqianqian/project/FS/data/13JM+CAOV3+MNT1/19/16/cell_1763090170771_912349010008_9419_0100.png
18,6,1.6293270587921143,cell_1763090556937_912349010008_19413_0100.png,/home/wangqianqian/project/FS/data/13JM+CAOV3+MNT1/19/22/cell_1763090556937_912349010008_19413_0100.png
18,7,1.6822049617767334,cell_1763090418145_912349010008_15761_0000.png,/home/wangqianqian/project/FS/data/13JM+CAOV3+MNT1/19/20/cell_1763090418145_912349010008_15761_0000.png
18,8,1.696595311164856,cell_1763090546738_912349010008_19143_0000.png,/home/wangqianqian/project/FS/data/13JM+CAOV3+MNT1/19/22/cell_1763090546738_912349010008_19143_0000.png
18,9,1.720116138458252,cell_1763090000804_912349010008_3311_0000.png,/home/wangqianqian/project/FS/data/13JM+CAOV3+MNT1/19/13/cell_1763090000804_912349010008_3311_0000.png
18,10,1.721502661705017,cell_1763090062585_912349010008_6042_0000.png,/home/wangqianqian/project/FS/data/13JM+CAOV3+MNT1/19/14/cell_1763090062585_912349010008_6042_0000.png
18,11,1.7502217292785645,cell_1763090198057_912349010008_10136_0100.png,/home/wangqianqian/project/FS/data/13JM+CAOV3+MNT1/19/16/cell_1763090198057_912349010008_10136_0100.png
18,12,1.7675586938858032,cell_1763090067946_912349010008_6662_0000.png,/home/wangqianqian/project/FS/data/13JM+CAOV3+MNT1/19/14/cell_1763090067946_912349010008_6662_0000.png
18,13,1.7798889875411987,cell_1763090237388_912349010008_11142_0100.png,/home/wangqianqian/project/FS/data/13JM+CAOV3+MNT1/19/17/cell_1763090237388_912349010008_11142_0100.png
18,14,1.7959930896759033,cell_1763089993774_912349010008_3058_0000.png,/home/wangqianqian/project/FS/data/13JM+CAOV3+MNT1/19/13/cell_1763089993774_912349010008_3058_0000.png
18,15,1.7965031862258911,cell_1763090025381_912349010008_4288_0000.png,/home/wangqianqian/project/FS/data/13JM+CAOV3+MNT1/19/13/cell_1763090025381_912349010008_4288_0000.png
18,16,1.8009706735610962,cell_1763090399180_912349010008_15239_0100.png,/home/wangqianqian/project/FS/data/13JM+CAOV3+MNT1/19/19/cell_1763090399180_912349010008_15239_0100.png
18,17,1.8079111576080322,cell_1763024744855_912349010008_1949_0100.png,/home/wangqianqian/project/FS/data/13JM+CAOV3+MNT1/01/05/cell_1763024744855_912349010008_1949_0100.png
18,18,1.824900507926941,cell_1763090621542_912349010008_21361_0000.png,/home/wangqianqian/project/FS/data/13JM+CAOV3+MNT1/19/23/cell_1763090621542_912349010008_21361_0000.png
18,19,1.8343384265899658,cell_1763024661775_912349010008_1441_0000.png,/home/wangqianqian/project/FS/data/13JM+CAOV3+MNT1/01/04/cell_1763024661775_912349010008_1441_0000.png
18,20,1.8351306915283203,cell_1763089999673_912349010008_3259_0000.png,/home/wangqianqian/project/FS/data/13JM+CAOV3+MNT1/19/13/cell_1763089999673_912349010008_3259_0000.png
